cdg_id,cdg_title,year,cdg_platform,cdg_images,tocr_id,tocr_name,articles,tocr_platforms,status
cdg-1637,信長之野望,1983,DOS,6,cmsvn87h7005k04l84y34whaj,信長之野望,8,DOS,
cdg-0210,三國志,1985,DOS,7,cmsumhmxm002c04jovzwvrc8x,三國志,13,,
cdg-3465,蒼狼與白鹿2：成吉思汗,1987,DOS,1,cmtb7senv000j04lar55hbedf,成吉思汗,3,,
cdg-1638,信長之野望2：戰國群雄傳,1988,DOS,13,,,,,站上沒有
cdg-0211,三國志2,1989,DOS,4,cmta7yv40002404kz9ucdgqkw,三國志 II,4,,
cdg-0621,水滸傳：天命之誓,1989,DOS,3,,,,,站上沒有
cdg-3901,水滸傳,1989,DOS,3,cmsvuqwox000104lepsmjptw7,水滸傳,21,,
cdg-0418,大航海時代,1990,DOS,0,cmt1mvam3008j04juistmvfn7,大航海時代,3,DOS,
cdg-1639,信長之野望4：武將風雲錄,1990,DOS,0,,,,,站上沒有
cdg-3042,拿破崙,1990,DOS,5,cmtb7selp000b04lacxyeot6l,拿破崙,3,DOS,
cdg-1586,伊忍道,1991,DOS,0,cmtpkfrbi02c404jvsweyh4xz,伊忍道,2,DOS,
cdg-3885,歐陸戰線,1991,DOS,0,cmtpkerd1023s04jvgh3xpyhf,歐陸戰線,1,DOS,
cdg-4113,魔法皇冠,1991,DOS,0,cmtpkdgqu01t704jvckcnyji9,魔法皇冠,1,DOS,
cdg-0212,三國志3,1992,DOS,1,cmtpkcbg401is04jvmeipzt0j,三國志III,2,,
cdg-3466,蒼狼與白鹿3：元朝秘史,1992,DOS,0,,,,,站上沒有
cdg-0419,大航海時代2,1993,DOS,0,cmtpkgvud02mn04jvlihcqing,大航海時代2,1,DOS,
cdg-3540,獨立戰爭,1993,DOS,1,cmtpkerdq024304jvpbbi01xb,獨立戰爭,2,DOS,
cdg-3915,項劉記,1993,DOS、DOS/V,0,cmtpkg3cb02el04jvv7p7s3jx,項劉記,2,DOS,
cdg-4887,賽馬大亨,1993,DOS/V,0,,,,,站上沒有
cdg-4888,神之大地,1993,DOS/V,0,,,,,站上沒有
cdg-0213,三國志4,1994,DOS/V,1,cmtpkdgo601sc04jvdry7i2k4,三國志IV,4,,
cdg-0800,安琪莉可女王之路,1994,Windows,1,cmtpl78a708pv04jv52x4gvs6,安琪莉可 - 女王之路,2,WIN,
cdg-1641,信長之野望6：天翔記,1994,DOS、DOS/V,1,,,,,站上沒有
cdg-4889,源平合戰,1994,DOS/V,1,,,,,站上沒有
cdg-0214,三國志5,1995,DOS,1,cmtpkv0oq05jk04jvfnpe53ym,三國志V,4,,
cdg-0229,三國志英傑傳,1995,DOS,0,cmtpkolag03ud04jv7pwgujw1,三國志英傑傳,3,DOS,
cdg-0503,太閤立志傳,1995,DOS,0,cmtpkk67f034a04jvz4dikcz8,太閤立志傳,2,DOS,
cdg-0861,航空霸業2,1995,DOS,0,cmtpkktey03bk04jv3ku626vz,航空霸業 2,1,DOS,
cdg-1640,信長之野望5：霸王傳,1995,DOS/V,0,,,,,站上沒有
cdg-0209,三國志：風雲再起,1996,Windows,0,cmtpkwmlc05wh04jvxgjzz6jv,三國志風雲再起,2,,要判
cdg-0209,三國志：風雲再起,1996,Windows,0,cmsumhmxm002c04jovzwvrc8x,三國志,13,,要判
cdg-0225,三國志孔明傳,1996,Win3.1、Win9x,1,cmtpkwms905yi04jv5hxtafyk,三國志孔明傳,4,WIN,
cdg-3766,魔眼邪神,1996,DOS,1,,,,,站上沒有
cdg-4052,提督之決斷2,1996,,2,cmtpkqem504cg04jvmvdomn5e,提督的決斷II,3,,
cdg-0622,水滸傳2：天導一○八星,1997,Windows,0,,,,,站上沒有
cdg-1642,信長之野望7：將星錄,1997,Windows,0,,,,,站上沒有
cdg-4561,毛利元就傳,1997,Windows,0,cmtpl4ddy07zp04jvyu9b55r8,毛利元就－誓いの三矢,2,,名稱含假名
cdg-0215,三國志6,1998,Windows,2,cmtpl8p84094u04jvqkiaoezv,三國志 VI,4,,
cdg-0420,大航海時代2外傳,1998,Windows,0,,,,,站上沒有
cdg-3467,蒼狼與白鹿4：成吉思汗,1998,Windows,0,,,,,站上沒有
cdg-4559,三國志曹操傳,1998,Windows,0,cmtplgzvb0b8304jv6pgozs6y,三國志曹操傳,1,WIN,
cdg-4560,織田信長傳,1998,Windows,0,cmtple5e60acx04jvyhbdlfng,織田信長傳,4,WIN,
cdg-0422,大航海時代4,1999,Windows,0,cmtplnxgb0cu204jvhnshj0jf,大航海時代4,1,WIN,
cdg-0505,太閤立志傳3,1999,Windows,0,cmtplnxic0cuq04jvb8z72s9y,太閤立志傳3,1,WIN,
cdg-1643,信長之野望8：烈風傳,1999,Windows,1,,,,,站上沒有
cdg-0216,三國志7,2000,Windows,3,,,,,站上沒有
cdg-0421,大航海時代3：太陽海岸,2000,Windows,0,,,,,站上沒有
cdg-0504,太閤立志傳2,2000,DOS/V、Windows,1,cmtplqqxn0di604jvhajhcszm,太閤立志傳 2,1,DOS、WIN,
cdg-1413,皇室血裔2,2000,Windows,0,cmtplpi180d7e04jv64lh52f3,王國興亡錄,1,,要判
cdg-1413,皇室血裔2,2000,Windows,0,cmu84x4q3008b04ih95xup8yj,ガングリフォンII,3,,要判、名稱含假名
cdg-0217,三國志8,2001,Windows,2,,,,,站上沒有
cdg-0506,太閤立志傳4,2001,Windows,0,,,,,站上沒有
cdg-1644,信長之野望9：嵐世記,2001,Windows,1,,,,,站上沒有
cdg-0223,三國志Battlefield,2002,Windows,1,cmtpn82sw01kl04l6rok1igd6,三國志battlefield,1,WIN,
cdg-1645,信長之野望10：蒼天錄,2002,Windows,1,,,,,站上沒有
cdg-0218,三國志9,2003,Windows,2,,,,,站上沒有
cdg-1646,信長之野望11：天下創世,2003,WinXP,1,,,,,站上沒有
cdg-0219,三國志10,2004,Windows,2,,,,,站上沒有
cdg-0507,太閤立志傳5,2004,Windows,0,,,,,站上沒有
cdg-0220,三國志11,2006,Windows,2,cmtpo2log07nv04l6o8w8xqok,三國志11,2,WIN,
cdg-0221,三國志12,2012,Windows,1,,,,,站上沒有
