group,id,name,slug,articles,note,articles_sample
,cmta16ksv000k04jwinm95qfx,Eye of Beholder II,eye-of-beholder-ii,0,0 篇,
,cmta16krb000c04jwvui0m6jp,Great Naval Battles,great-naval-battles,0,0 篇,
,cmta7yuvp000m04kzz1ywcir0,HEART OF WAR,heart-of-war,0,0 篇,
,cmta16kva000r04jw5hqjkmxh,Laura Bow in the Dagger of Amon Ra,laura-bow-in-the-dagger-of-amon-ra,0,0 篇,
,cmta7yuyy001004kzkgiy0e6i,Might & Magic:Clouds of Xean,might-magic-clouds-of-xean,0,0 篇,
,cmta16krt000f04jwml1zeevj,Quest for Glory III,quest-for-glory-iii,0,0 篇,
,cmta7yv1r001m04kz9qbsaqr4,創世紀7 資料片,創世紀7-資料片,0,0 篇,
,cmta16kxm001404jwi1rx3ig8,四川省2,四川省2,0,0 篇,
,cmta7yv2s001t04kz3yre0vu4,戰火焚生錄 Quest for Glory III: WAGES OF WAR,戰火焚生錄-quest-for-glory-iii-wages-of-war,0,0 篇,
,cmta7yv9j003604kza04pqhqh,提衛班莊,提衛班莊,0,0 篇,
,cmta7yv7n002u04kzqxdf26s3,暗黑地獄,暗黑地獄,0,0 篇,
,cmta1aggk006a04jwsf23an11,燃燒的野狼Ⅲ,燃燒的野狼iii,0,0 篇,
,cmta7yv6y002p04kz7w4b83ww,獵荒地獄系列 II,獵荒地獄系列-ii,0,0 篇,
,cmta7yv76002q04kz1egd3pdi,異域實藏,異域實藏,0,0 篇,
,cmta1aghj006d04jwv8ck02fk,羅張拳王,羅張拳王,0,0 篇,
,cmta7yv1z001n04kz9k1qnm12,美德試煉場 Ultima VI: FORGE OF VIRTUE,美德試煉場-ultima-vi-forge-of-virtue,0,0 篇,
,cmta7yv84002x04kzw6nk91vc,義無反顧,義無反顧,0,0 篇,
,cmta1ag4b004604jwuo0kzbby,英雄傳奇3,英雄傳奇3,0,0 篇,
,cmta1ag0y003l04jwadhhvftl,魔法人門Ⅲ,魔法人門iii,0,0 篇,
