issue,platform_printed,platform_tag,name,pages
181,PlayStation2,PS2,無雙OROCHI 魔王再臨,20
181,PlayStation2,PS2,極速快感：職業街頭,30
181,PlayStation2,PS2,IZUMO2 學園狂想曲 雙重節拍,30
181,PlayStation2,PS2,命運傳奇 導演版,30
181,PlayStation2,PS2,涼宮春日的困惑,30
181,PlayStation2,PS2,妳的秋之回憶～Girl's Style～,31
181,PlayStation2,PS2,太平洋風暴 ～戰艦大和拂曉出擊～,31
181,PlayStation2,PS2,幻影戰機,31
181,PlayStation2,PS2,火影忍者 疾風傳 終極覺醒2,76
181,PlayStation2,PS2,粉紅劇毒,88
181,PlayStation2,PS2,信長之野望Online ～爭霸之章～,103
181,PlayStation2,PS2,終末少女幻想 ～Apocalipse～,103
181,PlayStation2,PS2,白銀太陽 通往未來的契約,103
181,PlayStation2,PS2,鋼彈無雙 特別版,118
181,PLAYSTATION3,PS3,魔界戰記3,31
181,PLAYSTATION3,PS3,惡魔獵人4,32;66
181,PLAYSTATION3,PS3,無間特攻,91
181,PLAYSTATION3,PS3,立體貪吃蛇,103
181,PLAYSTATION3,PS3,病毒驅逐戰,103
181,PLAYSTATION3,PS3,機戰傭兵 for Answer,112
181,PLAYSTATION3,PS3,劍魂IV,120
181,Xbox 360,Xbox 360,惡魔獵人4,32;66
181,Xbox 360,Xbox 360,特技天龍：引爆,74
181,Xbox 360,Xbox 360,無間特攻,91
181,Xbox 360,Xbox 360,機戰傭兵 for Answer,112
181,Xbox 360,Xbox 360,劍魂IV,120
181,Wii,Wii,任天堂明星大亂鬥X,32;59
181,Wii,Wii,極速快感：職業街頭,33
181,Wii,Wii,家庭滑雪,33
181,Wii,Wii,性感女劍士Revolution,86
181,NINTENDO DS,NDS,FRONT MISSION 2089 Border of Madness,16
181,NINTENDO DS,NDS,SIMPLE DS系列 Vol.31 THE 超彈丸!! 改造戰車,33
181,NINTENDO DS,NDS,SIMPLE DS系列 Vol.32 THE 殭屍危機,33
181,NINTENDO DS,NDS,每日心理分析DS 快樂占卜2008,34
181,NINTENDO DS,NDS,可愛方塊 好奇少女DS,34
181,NINTENDO DS,NDS,弘道大哥的親子體操指導,34
181,NINTENDO DS,NDS,蟲師 ～天降之里～,34
181,NINTENDO DS,NDS,梅澤由香里的易學圍棋,35
181,NINTENDO DS,NDS,得分力學習DS 國1英語／國2英語／國3英語／國1數學／國2數學／國3數學／國1日語／國2日語／國3日語／國中地理／國中歷史／國中公民／國中理化第1類／國中理化第2類／國1英數日包／國2英數日包／國3英數日公民包／國中地歷・理化包,35
181,NINTENDO DS,NDS,左右開弓訓練 -理論右手與感性左手-,35
181,NINTENDO DS,NDS,1日10分鐘提升畫技DS,100
181,NINTENDO DS,NDS,商務能力檢定DS,100
181,NINTENDO DS,NDS,SuperLite2500 閒暇時的方磚解謎DS,101
181,NINTENDO DS,NDS,現子麻將 ～作弊流浪記～,101
181,NINTENDO DS,NDS,親子娛樂 貓狗俱樂部 男孩版,101
181,NINTENDO DS,NDS,親子娛樂 貓狗俱樂部 女孩版,101
181,NINTENDO DS,NDS,溫泉懸疑推理（暫定）,102
181,NINTENDO DS,NDS,藍龍PLUS,104
181,NINTENDO DS,NDS,機動戰士鋼彈00,106
181,NINTENDO DS,NDS,世界樹的迷宮II 諸王聖杯,114
181,PlayStation Portable,PSP,太平洋風暴 ～戰艦大和拂曉出擊～,35
181,PlayStation Portable,PSP,戰鼓啪打碰,80
181,PlayStation Portable,PSP,無限迴廊,90
181,PlayStation Portable,PSP,魔喚精靈PORTABLE,102
181,PlayStation Portable,PSP,幻想國物語 2in1 Portable～奧勒德王國＆普魯托共和國～,102
181,PlayStation Portable,PSP,機動戰士鋼彈 基連的野望 阿克西斯的威脅,108
181,PlayStation Portable,PSP,STAR OCEAN Second Evolution,110
181,PlayStation Portable,PSP,魔物獵人PORTABLE 2nd G,116
181,ARCADE,Arcade,太鼓之達人11 亞洲版,84
184,PlayStation2,PS2,吸血奇譚,28
184,PlayStation2,PS2,放學後的白銀旋律,28
184,PlayStation2,PS2,鳥之星 ～飛行星球～,29
184,PlayStation2,PS2,鋼彈無雙 特別版,29
184,PlayStation2,PS2,暗夜魔法師 世界的否定,30
184,PlayStation2,PS2,FINAL APPROACH 2 ～1st priority～,30
184,PlayStation2,PS2,戀愛甜點,31
184,PlayStation2,PS2,無雙OROCHI 魔王再臨,118
184,PLAYSTATION3,PS3,頭文字D EXTREME STAGE,14
184,PLAYSTATION3,PS3,極度黑暗,16
184,PLAYSTATION3,PS3,喋血雙雄,18
184,PLAYSTATION3,PS3,魔界戰記3,70
184,PLAYSTATION3,PS3,METAL GEAR SOLID 4 GUNS OF THE PATRIOTS,91
184,PLAYSTATION3,PS3,人中之龍 見參！,114
184,PLAYSTATION3,PS3,戰場女武神,120
184,Xbox 360,Xbox 360,荒野雙蛟龍,31
184,Xbox 360,Xbox 360,偶像大師 Live For you!,32
184,Wii,Wii,可愛賽車Wii,32
184,Wii,Wii,全日本貨櫃車祭典,33
184,Wii,Wii,獨家釣法！ 釣鱸大賽,33
184,Wii,Wii,SIMPLE Wii系列 Vol.5 THE 打磚塊 ～附自製關卡功能～,34
184,Wii,Wii,SIMPLE Wii系列 Vol.6 THE 歡樂大決戰,34
184,Wii,Wii,任天堂明星大亂鬥X,60
184,Wii,Wii,惡靈古堡0,112
184,Wii,Wii,動物異想天開！ ～神秘樂園狂拍獨家照！～,113
184,NINTENDO DS,NDS,鋼彈的徽章,11
184,NINTENDO DS,NDS,靈光守護者,35
184,NINTENDO DS,NDS,超劇場版KERORO軍曹3 天空大冒險,35
184,NINTENDO DS,NDS,赤川次郎推理劇 夜想曲,36
184,NINTENDO DS,NDS,DS電擊文庫ADV 大騷動BACCANO！,36
184,NINTENDO DS,NDS,世界樹的迷宮II 諸王聖杯,66
184,NINTENDO DS,NDS,茶犬的房間DS3,109
184,NINTENDO DS,NDS,虛擬空間生活 山羊村DS,109
184,NINTENDO DS,NDS,里克與約翰 ～消失的兩幅圖～,109
184,NINTENDO DS,NDS,藍龍PLUS,110
184,PlayStation Portable,PSP,MyStylist,95
184,PlayStation Portable,PSP,無限回廊 echochrome,98
184,PlayStation Portable,PSP,CLANNAD,113
185,PlayStation2,PS2,吉他英雄3,24;94
185,PlayStation2,PS2,信長之野望・革新 with 威力加強版,24
185,PlayStation2,PS2,奈落之城 一柳和的第2次蒙難,25
185,PlayStation2,PS2,瑪那鍊金術2 ～沒落學園與鍊金術士們～,90
185,PlayStation2,PS2,節奏DJ II DX 14 GOLD,113
185,PLAYSTATION3,PS3,吉他英雄3,25;94
185,PLAYSTATION3,PS3,人中之龍 見參！,26;51
185,PLAYSTATION3,PS3,無間特攻,26
185,PLAYSTATION3,PS3,魔界戰記3,68
185,PLAYSTATION3,PS3,恐龍獵人,81
185,PLAYSTATION3,PS3,METAL GEAR ONLINE,84
185,PLAYSTATION3,PS3,黑暗戰區,86
185,Xbox 360,Xbox 360,怒首領蜂 大往生 黑標X（暫定）,12
185,Xbox 360,Xbox 360,決心 ～羈絆地獄群～X（暫定）,14
185,Xbox 360,Xbox 360,無間特攻,26
185,Xbox 360,Xbox 360,恐龍獵人,81
185,Xbox 360,Xbox 360,黑暗戰區,86
185,Wii,Wii,銀河戰士PRIME 3 墮落,27
185,Wii,Wii,家庭騎師,27;92
185,Wii,Wii,信長之野望・革新 with 威力加強版,28
185,Wii,Wii,大家的常識力電視,28
185,Wii,Wii,EA遊樂場,29
185,Wii,Wii,職棒家庭棒球場,93
185,Wii,Wii,吉他英雄3,94
185,Wii,Wii,瑪莉歐賽車Wii,104
185,Wii,Wii,林克的十字弓訓練＋Wii槍管,108
185,Wii,Wii,家庭訓練機,113
185,NINTENDO DS,NDS,哆啦A夢 大雄與綠巨人傳DS,29
185,NINTENDO DS,NDS,花與太陽與雨 -無盡的樂園-,30
185,NINTENDO DS,NDS,英檢王 2級篇,30
185,NINTENDO DS,NDS,益智拼圖DS 世界遺產之旅,30
185,NINTENDO DS,NDS,世界樹的迷宮II 諸王聖杯,64
185,NINTENDO DS,NDS,我們是化石挖掘者,109
185,NINTENDO DS,NDS,渥太利亞迷宮,112
185,NINTENDO DS,NDS,SuperLite2500 猜謎之旅～鐵路旅情篇～（暫定）,112
185,NINTENDO DS,NDS,戲劇性迷宮 櫻花大戰 ～因為有你～,120
185,PlayStation Portable,PSP,軍神 奧林帕斯的鎖鏈,9
185,PlayStation Portable,PSP,魔物獵人PORTABLE 2nd,38
185,PlayStation Portable,PSP,改造大冒險 機動器對戰錦標賽,114
185,PlayStation Portable,PSP,魔物獵人PORTABLE 2nd G,116
185,PlayStation Portable,PSP,STAR OCEAN Second Evolution,118
185,ARCADE,Arcade,聖靈之心2,78
193,PlayStation2,PS2,無雙OROCHI 蛇魔再臨,40
193,PlayStation2,PS2,惡霸魯尼,72
193,PlayStation2,PS2,職棒大聯盟2K8,74
193,PlayStation2,PS2,星艦迷航記：征服,75
193,PlayStation2,PS2,瑪那鍊金術2 ～沒落學園與鍊金術士們～,82
193,PlayStation2,PS2,侍魂 六合一對決,102
193,PlayStation2,PS2,Real Rode,105
193,PlayStation2,PS2,神曲奏界 THE BLACK,105
193,PlayStation2,PS2,女神異聞錄4,116
193,PLAYSTATION3,PS3,交錯刀鋒,10
193,PLAYSTATION3,PS3,戰場女武神,51
193,PLAYSTATION3,PS3,異塵餘生3,70
193,PLAYSTATION3,PS3,職棒大聯盟2K8,74
193,PLAYSTATION3,PS3,功夫熊貓,101
193,PLAYSTATION3,PS3,破相拳擊（暫定）,101
193,PLAYSTATION3,PS3,北京奧運2008,105
193,Xbox 360,Xbox 360,黑暗戰區,66
193,Xbox 360,Xbox 360,異塵餘生3,70
193,Xbox 360,Xbox 360,惡霸魯尼,72
193,Xbox 360,Xbox 360,星艦迷航記：遺產,75
193,Xbox 360,Xbox 360,破相拳擊（暫定）,101
193,Xbox 360,Xbox 360,北京奧運2008,105
193,Wii,Wii,涼宮春日的憂鬱（暫定）,7
193,Wii,Wii,功夫熊貓,101
193,Wii,Wii,電視節目王～目標是猜謎王～（暫定）,101
193,Wii,Wii,侍魂 六合一對決,102
193,Wii,Wii,不可思議的迷宮 風塵英雄3 -機關宅邸的睡美人-,112
193,Wii,Wii,國王故事,114
193,NINTENDO DS,NDS,樂園密碼,12
193,NINTENDO DS,NDS,便利商店DS 經營力訓練,14
193,NINTENDO DS,NDS,鋼彈的徽章,45
193,NINTENDO DS,NDS,弧光之源2 意志,76
193,NINTENDO DS,NDS,模擬職棒,78
193,NINTENDO DS,NDS,東京魔人學園劍風帖,80
193,NINTENDO DS,NDS,三國志大戰・天,84
193,NINTENDO DS,NDS,閃電足球隊,86
193,NINTENDO DS,NDS,功夫熊貓,101
193,NINTENDO DS,NDS,越南大戰7,102
193,NINTENDO DS,NDS,偶像小狗 綜藝頻道,102
193,NINTENDO DS,NDS,小芝麻2 ～我家孩子最棒！～,102
193,NINTENDO DS,NDS,飛空格鬥,102
193,NINTENDO DS,NDS,茜色氣息,102
193,NINTENDO DS,NDS,定格攝影小貓DS,103
193,NINTENDO DS,NDS,特定！瘦身塾,103
193,NINTENDO DS,NDS,凱蒂貓的貓熊運動場,103
193,NINTENDO DS,NDS,鐵道娘DS（暫定）,103
193,NINTENDO DS,NDS,以橫軸學世界歷史DS,103
193,NINTENDO DS,NDS,出包王女 森林學校篇,105
193,NINTENDO DS,NDS,模擬天神,105
193,NINTENDO DS,NDS,FRONT MISSION 2089 Border of Madness,106
193,NINTENDO DS,NDS,DRAGON QUEST V,108
193,NINTENDO DS,NDS,暮蟬鳴泣時之羈絆 第一卷・崇,120
193,PlayStation Portable,PSP,閃電霹靂車VS,16
193,PlayStation Portable,PSP,魔物獵人PORTABLE 2nd G,57
193,PlayStation Portable,PSP,職棒大聯盟2K8,74
193,PlayStation Portable,PSP,大家來讀書 名作＆推理＆怪談＆文學,103
193,PlayStation Portable,PSP,PC Engine精選集 銀河少女傳說合輯,104
193,PlayStation Portable,PSP,PC Engine精選集 天外魔境合輯,104
284,NINTENDO DS,NDS,學生會的一存 -DS學生會-,23
284,NINTENDO DS,NDS,大眾水族館,23
284,NINTENDO DS,NDS,職棒家庭棒球場DS 2010,23
284,NINTENDO DS,NDS,職業摔角檢定DS,24
284,NINTENDO DS,NDS,自然發音英語學習法,24
284,NINTENDO DS,NDS,LOVE PLUS＋,29
284,NINTENDO DS,NDS,精心策略大模擬 客廳職棒DS 2010年度版,81
284,NINTENDO DS,NDS,DRAGON QUEST VI: Realms of Reverie,84
284,NINTENDO DS,NDS,世界樹迷宮III 星海來訪者,88
284,NINTENDO DS,NDS,超級機器人大戰OG傳奇 魔裝機神,91
284,NINTENDO DS,NDS,模擬足球DS 世界挑戰賽2010,94
284,NINTENDO DS,NDS,圈套 DS版～攜人犯藏身處,108
284,NINTENDO DS,NDS,玩具總動員3,108
284,NINTENDO DS,NDS,DRAGON QUEST MONSTERS-Joker 2,116
284,NINTENDO DS,NDS,坦克戰記3,120
284,PlayStation Portable,PSP,天才麻將少女Portable,24
284,PlayStation Portable,PSP,天降之物 -動心的暑假-,25
284,PlayStation Portable,PSP,夜行偵探The 1st 連環錯誤,25
284,PlayStation Portable,PSP,愛在五月1＋2,25
284,PlayStation Portable,PSP,維他命Z Revolution,26
284,PlayStation Portable,PSP,普利尼2 ～特攻遊戲！拂曉的內褲大作戰！～,26
284,PlayStation Portable,PSP,天神亂漫 Happy Go Lucky!!,26
284,PlayStation Portable,PSP,METAL GEAR SOLID PEACE WALKER,41
284,PlayStation Portable,PSP,鋼彈突擊求生戰,65
284,PlayStation Portable,PSP,武裝神姬 戰鬥群英,108
284,PlayStation Portable,PSP,HELLO KITTY打磚塊123!!,109
284,PlayStation Portable,PSP,運籌決戰,109
284,PlayStation Portable,PSP,職棒野球魂2010,118
284,Wii,Wii,赤色鋼鐵2,109
284,PlayStation3,PS3,柏青哥天堂15～超級海IN沖繩2～,27
284,PlayStation3,PS3,北斗無雙,27;47
284,PlayStation3,PS3,GOD OF WAR III,27
284,PlayStation3,PS3,虛擬實戰網球 實況對決！,28
284,PlayStation3,PS3,人中之龍4 傳說繼承者,62
284,PlayStation3,PS3,GOD OF WAR III,73
284,PlayStation3,PS3,鍊金術士托托莉 ～亞蘭德的鍊金術士2～,110
284,PlayStation3,PS3,蒼翼默示錄 連續變幻,110
284,PlayStation3,PS3,黑光：目標擊斃,111
284,PlayStation3,PS3,正當防衛2,112
284,PlayStation3,PS3,職棒野球魂2010,118
284,PlayStation2,PS2,花與少女的祝福（暫定）,111
284,PlayStation2,PS2,柏青哥必殺仕事人III 祭典版 武士頭高手16,111
284,PlayStation2,PS2,職棒野球魂2010,118
284,Xbox 360,Xbox 360,北斗無雙,28;47
284,Xbox 360,Xbox 360,渾沌思緒 熱戀親親！,28
284,Xbox 360,Xbox 360,亡靈殺手 煉獄的亡靈,106
284,Xbox 360,Xbox 360,蒼翼默示錄 連續變幻,110
284,Xbox 360,Xbox 360,黑光：目標擊斃,111
284,Xbox 360,Xbox 360,強襲魔女 白銀之翼,111
284,Xbox 360,Xbox 360,正當防衛2,112
284,Xbox 360,Xbox 360,縱橫諜海：罪證,114
316,NINTENDO DS,NDS,維新風暴 疾風龍馬傳,38
316,NINTENDO DS,NDS,音速小子 繽紛色彩,38
316,NINTENDO DS,NDS,續星際寶貝史迪奇DS 節奏塗鴉大作戰,38
316,NINTENDO DS,NDS,超級化石挖掘者,39
316,NINTENDO DS,NDS,光輝戰史,74
316,NINTENDO DS,NDS,FAIRY TAIL 魔導少年 原創故事 決戰大聖堂,90
316,NINTENDO DS,NDS,戰鬥陀螺 鋼鐵戰魂 絕頂對決！大霹靂盃陀螺戰士全球大賽,90
316,NINTENDO DS,NDS,不可思議的迷宮 風塵英雄5 命途塔與命運骰子,92
316,NINTENDO DS,NDS,逆轉檢事2,98
316,PlayStation Portable,PSP,魔物獵人PORTABLE 3rd,11
316,PlayStation Portable,PSP,DISSIDIA duodecim FINAL FANTASY,16
316,PlayStation Portable,PSP,The 3rd Birthday,22
316,PlayStation Portable,PSP,WORLD SOCCER Winning Eleven 2011,39
316,PlayStation Portable,PSP,必勝柏青哥★柏青嫂攻略系列Portable Vol.2 CR福音戰士～福音初現～,39
316,PlayStation Portable,PSP,問題少女組,40
316,PlayStation Portable,PSP,Tactics Ogre 運命の輪,60
316,PlayStation Portable,PSP,噬神戰士 神機解放,76
316,PlayStation Portable,PSP,白騎士物語 episode・portable 教義戰爭,82
316,PlayStation Portable,PSP,維他命 XtoZ,90
316,PlayStation Portable,PSP,Are you Alice？,91
316,PlayStation Portable,PSP,鍊金術士薇歐菈特 ～葛拉姆奈特的鍊金術士2～綻藍回憶,91
316,PlayStation Portable,PSP,DJ MAX PORTABLE,91
316,PlayStation Portable,PSP,勁歌貴公子 -Amasing Aria-,91
316,PlayStation Portable,PSP,夢幻之星PORTABLE 2 無窮進化,100
316,Wii,Wii,音速小子 繽紛色彩,40
316,Wii,Wii,超級粉碎球PLUS 內附Wii動感強化器,40
316,Wii,Wii,夢幻終章,102
316,PlayStation3,PS3,亞迦雷斯特戰記2,41
316,PlayStation3,PS3,The Fight: Lights Out（中英文合版）,41
316,PlayStation3,PS3,熱烈柏青魂「CR福音戰士～福音初現～」,41
316,PlayStation3,PS3,決勝時刻：暗黑行動,67
316,PlayStation3,PS3,COMET CRASH,91
316,PlayStation3,PS3,小小大星球2,94
316,PlayStation3,PS3,MARVEL VS. CAPCOM 3 兩個世界的命運,96
316,PlayStation3,PS3,人中之龍 OF THE END,106
316,PlayStation3,PS3,鋼彈無雙3,108
316,PlayStation3,PS3,凱薩琳,112
316,Xbox 360,Xbox 360,熱舞進化,42
316,Xbox 360,Xbox 360,音速小子 隨心滑行,42
316,Xbox 360,Xbox 360,新體感腦力鍛鍊,42
316,Xbox 360,Xbox 360,Kinect大冒險,43
316,Xbox 360,Xbox 360,Kinect運動大會,43
316,Xbox 360,Xbox 360,決勝時刻：暗黑行動,67
316,Xbox 360,Xbox 360,ESCHATOS,91
316,Xbox 360,Xbox 360,MARVEL VS. CAPCOM 3 兩個世界的命運,96
316,Xbox 360,Xbox 360,鋼彈無雙3,108
316,Xbox 360,Xbox 360,凱薩琳,112
316,Xbox 360,Xbox 360,偶像大師2,114
316,PlayStation2,PS2,神曲奏界 續傳,43
317,NINTENDO DS,NDS,高橋書店監修 SPI完美題庫DS 2012年度版,43
317,NINTENDO DS,NDS,DS-PICO系列 Sanrio彩虹樂園 快樂購物 裝飾美妙房間,43
317,NINTENDO DS,NDS,歷史大戰 天下第一大混戰,43
317,NINTENDO DS,NDS,扮神弄鬼一起來,44
317,NINTENDO DS,NDS,考上檢定！TAC公務員考試,44
317,NINTENDO DS,NDS,黃金太陽 漆黑黎明,84
317,NINTENDO DS,NDS,蒼空騎士 ～飛向CODA～,86
317,NINTENDO DS,NDS,角色快拍! 湯瑪斯小火車/HELLO KITTY,102
317,NINTENDO DS,NDS,技術評論社監修 基本情報技術者DS,102
317,NINTENDO DS,NDS,第二國度 漆黑魔導士,109
317,NINTENDO 3DS,3DS,超級猴子球3D（暫定）,102
317,PlayStation Portable,PSP,魔物獵人PORTABLE 3rd,5
317,PlayStation Portable,PSP,最後約定的故事,26
317,PlayStation Portable,PSP,黑岩射手（暫定）,29
317,PlayStation Portable,PSP,雅戀 ～MIYAKO～,44
317,PlayStation Portable,PSP,真・戀姬夢想 ～少女繚亂～☆三國志演義～ 蜀篇,45
317,PlayStation Portable,PSP,槍彈辯駁 希望校園與絕望高中生,45
317,PlayStation Portable,PSP,維新戀華 龍馬外傳,45
317,PlayStation Portable,PSP,兵器之心,46
317,PlayStation Portable,PSP,nikoli數獨＋2第一集 ～數獨、塗壁、分房間～,46
317,PlayStation Portable,PSP,Little Busters！Converted Edition,46
317,PlayStation Portable,PSP,Tactics Ogre 運命の輪,88
317,PlayStation Portable,PSP,KINGDOM HEARTS Birth by Sleep FINAL MIX,100
317,PlayStation Portable,PSP,神劍闖江湖-明治劍客浪漫譚-再閃,102
317,PlayStation Portable,PSP,PERSONA2 罪,108
317,Wii,Wii,麵包超人 微笑派對,47
317,Wii,Wii,瑪利歐綜合運動會,47
317,Wii,Wii,大金剛再起,118
317,PlayStation3,PS3,TRINITY Zill O'll Zero,47;66
317,PlayStation3,PS3,世界最強銀星圍棋 複合式蒙特卡羅引擎,48
317,PlayStation3,PS3,柏青哥天堂16 ～閃亮天堂2～,48
317,PlayStation3,PS3,跑車浪漫旅5（繁體中文版）,48
317,PlayStation3,PS3,決勝時刻：暗黑行動,72
317,PlayStation3,PS3,幻想西遊記,76
317,PlayStation3,PS3,征服者,78
317,PlayStation3,PS3,火影忍者 疾風傳 終極風暴2,80
317,PlayStation3,PS3,騎士傳說 戰略版,103
317,PlayStation3,PS3,北斗無雙 國際版,103
317,PlayStation3,PS3,魔人傳說 沒落帝國,104
317,PlayStation3,PS3,戰國無雙3 Z,106
317,PlayStation3,PS3,幻境神界,116
317,Xbox 360,Xbox 360,怒首領蜂大復活,49
317,Xbox 360,Xbox 360,決勝時刻：暗黑行動,72
317,Xbox 360,Xbox 360,幻想西遊記,76
317,Xbox 360,Xbox 360,征服者,78
317,Xbox 360,Xbox 360,火影忍者 疾風傳 終極風暴2,80
317,Xbox 360,Xbox 360,神鬼寓言3,82
317,Xbox 360,Xbox 360,魔人傳說 沒落帝國,104
317,Xbox 360,Xbox 360,幻境神界,116
317,PlayStation2,PS2,CLOCK ZERO ～最後一秒～,49
317,PlayStation2,PS2,潘朵拉 ～名誌吾心～,49
321,NINTENDO DS,NDS,DRAGON QUEST MONSTERS-Joker 2 PROFESSIONAL,16
321,NINTENDO DS,NDS,不可思議的迷宮 風塵英雄5 命途塔與命運骰子,72
321,NINTENDO DS,NDS,逆轉檢事2,92
321,NINTENDO DS,NDS,SaGa3 時空の霸者 Shadow or Light,94
321,NINTENDO 3DS,3DS,戰國無雙 編年史,84
321,PlayStation Portable,PSP,KINGDOM HEARTS Birth by Sleep FINAL MIX,18
321,PlayStation Portable,PSP,DISSIDIA duodecim FINAL FANTASY,20
321,PlayStation Portable,PSP,FINAL FANTASY IV Complete Collection,29
321,PlayStation Portable,PSP,The 3rd Birthday,53
321,PlayStation Portable,PSP,光明之心,62
321,PlayStation Portable,PSP,最後約定的故事,86
321,PlayStation Portable,PSP,喧嘩番長5 男子漢法則,88
321,PlayStation Portable,PSP,夢幻之星PORTABLE 2 無窮進化,96
321,PlayStation Portable,PSP,戰場女武神3,100
321,Wii,Wii,大金剛再起,68
321,PlayStation3,PS3,無盡傳奇,9
321,PlayStation3,PS3,侍道4,37
321,PlayStation3,PS3,幻境神界,42
321,PlayStation3,PS3,鋼彈無雙3,46
321,PlayStation3,PS3,空戰奇兵 突擊地平線,90
321,PlayStation3,PS3,人中之龍 OF THE END,102
321,PlayStation3,PS3,凱薩琳,106
321,PlayStation3,PS3,真・三國無雙6,110
321,Xbox 360,Xbox 360,幻境神界,42
321,Xbox 360,Xbox 360,鋼彈無雙3,46
321,Xbox 360,Xbox 360,空戰奇兵 突擊地平線,90
321,Xbox 360,Xbox 360,凱薩琳,106
321,Xbox 360,Xbox 360,偶像大師2,108
324,NINTENDO DS,NDS,瑪利歐vs.大金剛 突擊！迷你樂園,82
324,NINTENDO DS,NDS,桃太郎電鐵 世界篇,84
324,NINTENDO DS,NDS,第二國度 漆黑魔導士,86
324,NINTENDO DS,NDS,閃電十一人3 挑戰世界!! 魔獸版,88
324,NINTENDO DS,NDS,殭屍大進擊,100
324,NINTENDO DS,NDS,只想告訴你 ～傳達心意～,108
324,NINTENDO DS,NDS,逆轉檢事2,118
324,NINTENDO 3DS,3DS,天空機士羅迪亞,12
324,NINTENDO 3DS,3DS,鋼彈3D對戰,39
324,NINTENDO 3DS,3DS,病毒射手XX,109
324,NINTENDO 3DS,3DS,蒼翼默示錄 連續變幻II,109
324,NINTENDO 3DS,3DS,戰國無雙 編年史,110
324,PlayStation Portable,PSP,秋葉原歷險,9
324,PlayStation Portable,PSP,DISSIDIA duodecim FINAL FANTASY,30
324,PlayStation Portable,PSP,SD鋼彈G世代 新世界,42
324,PlayStation Portable,PSP,超時空要塞 三角邊疆,44
324,PlayStation Portable,PSP,異世紀大戰Portable,46
324,PlayStation Portable,PSP,戰場女武神3,59
324,PlayStation Portable,PSP,KINGDOM HEARTS Birth by Sleep FINAL MIX,68
324,PlayStation Portable,PSP,魔物獵人PORTABLE 3rd,72
324,PlayStation Portable,PSP,The 3rd Birthday,78
324,PlayStation Portable,PSP,光明之心,90
324,PlayStation Portable,PSP,S.Y.K ～蓮咲傳～ Portable,108
324,PlayStation Portable,PSP,來世因緣 後續回憶,108
324,PlayStation Portable,PSP,華麗一族 拚繪寫真,109
324,PlayStation Portable,PSP,冬宮Original ～闇之巫女與諸神之戒指～,109
324,PlayStation Portable,PSP,戰鼓啪打碰3,112
324,PlayStation Portable,PSP,世界傳奇 閃耀神話3,120
324,Wii,Wii,天空機士羅迪亞,12
324,Wii,Wii,異星尋奇,36
324,Wii,Wii,SD鋼彈G世代 新世界,42
324,Wii,Wii,夢幻終章,50
324,PlayStation3,PS3,FINAL FANTASY XIV,93
324,PlayStation3,PS3,殺戮地帶3,96
324,PlayStation3,PS3,凱薩琳,98
324,PlayStation3,PS3,越野風暴3,109
324,PlayStation3,PS3,閃擊點行動三,109
324,PlayStation3,PS3,阿修羅之怒,114
324,PlayStation3,PS3,MARVEL VS. CAPCOM 3 兩個世界的命運,116
324,PlayStation3,PS3,真・三國無雙6,122
324,PlayStation3,PS3,戰國無雙3 Z,124
324,PlayStation3,PS3,絕體絕命都市4 -夏日回憶-,128
324,Xbox 360,Xbox 360,凱薩琳,98
324,Xbox 360,Xbox 360,閃擊點行動三,109
324,Xbox 360,Xbox 360,阿修羅之怒,114
324,Xbox 360,Xbox 360,MARVEL VS. CAPCOM 3 兩個世界的命運,116
324,Xbox 360,Xbox 360,偶像大師2,126
326,NINTENDO DS,NDS,逆轉檢事2,87
326,NINTENDO DS,NDS,RED STONE DS ～受紅色意志引導者～,136
326,NINTENDO DS,NDS,化妝天國～公主生活～,137
326,NINTENDO DS,NDS,名偵探科南 藍寶石迴旋曲,137
326,NINTENDO 3DS,3DS,深淵傳奇,18
326,NINTENDO 3DS,3DS,鋼彈3D對戰,58
326,NINTENDO 3DS,3DS,火影忍者 疾風傳 忍立體繪卷！ 最強忍界決戰!!,134
326,NINTENDO 3DS,3DS,職棒家庭棒球場2011,135
326,NINTENDO 3DS,3DS,nikoli數獨3D ～8種猜謎1000題～,136
326,NINTENDO 3DS,3DS,小精靈＆大蜜蜂 新次元,138
326,NINTENDO 3DS,3DS,實感賽車3D,144
326,NINTENDO 3DS,3DS,生死格鬥 新次元,146
326,PlayStation Portable,PSP,模擬J聯盟足球7 EURO PLUS,22
326,PlayStation Portable,PSP,DISSIDIA duodecim FINAL FANTASY,46
326,PlayStation Portable,PSP,最後約定的故事,52
326,PlayStation Portable,PSP,超時空要塞 三角邊疆,60
326,PlayStation Portable,PSP,SD鋼彈G世代 新世界,68
326,PlayStation Portable,PSP,戰場女武神3,72
326,PlayStation Portable,PSP,KINGDOM HEARTS Birth by Sleep FINAL MIX,78
326,PlayStation Portable,PSP,白騎士物語 episode.portable 教義戰爭,80
326,PlayStation Portable,PSP,魔物獵人PORTABLE 3rd,100
326,PlayStation Portable,PSP,SNK經典大型電玩合輯 ZERO,133
326,PlayStation Portable,PSP,nikoli數獨+3 第三集 ～數獨、數迴、數珠、數輪～,136
326,PlayStation Portable,PSP,30秒勇者 SECOND,140
326,PlayStation Portable,PSP,高校狂師,148
326,PlayStation Portable,PSP,夢幻之星PORTABLE 2 無窮進化,154
326,Wii,Wii,SD鋼彈G世代 新世界,68
326,Wii,Wii,夢幻終章,94
326,PlayStation3,PS3,機戰傭兵V,14
326,PlayStation3,PS3,黑暗靈魂,27
326,PlayStation3,PS3,戰國無雙3 Z,106
326,PlayStation3,PS3,殺戮地帶3,114
326,PlayStation3,PS3,PixelJunk Shooter 2,136
326,PlayStation3,PS3,特洛伊無雙,142
326,PlayStation3,PS3,MARVEL VS. CAPCOM 3 兩個世界的命運,150
326,PlayStation3,PS3,真・三國無雙6,158
326,PlayStation3,PS3,侍道4,162
326,PlayStation3,PS3,人中之龍 OF THE END,164
326,Xbox 360,Xbox 360,機戰傭兵V,14
326,Xbox 360,Xbox 360,特洛伊無雙,142
326,Xbox 360,Xbox 360,MARVEL VS. CAPCOM 3 兩個世界的命運,150
326,Xbox 360,Xbox 360,偶像大師2,166
326,ARCADE,Arcade,初音未來 名伶計畫 Arcade Version A,130
327,NINTENDO DS,NDS,逆轉檢事2,62
327,NINTENDO DS,NDS,美美紅巾熊的生活2,125
327,NINTENDO DS,NDS,DRAGON QUEST MONSTERS-Joker 2 PROFESSIONAL,138
327,NINTENDO 3DS,3DS,解放之刃REXX,5
327,NINTENDO 3DS,3DS,雷頓教授與奇蹟面具,14
327,NINTENDO 3DS,3DS,航海王 無限巡航SP,124
327,NINTENDO 3DS,3DS,觸控！雙筆運動,124
327,NINTENDO 3DS,3DS,任天狗＋貓 柴犬與新朋友們,128
327,NINTENDO 3DS,3DS,任天狗＋貓 玩具貴賓犬與新朋友們,128
327,NINTENDO 3DS,3DS,任天狗＋貓 法國鬥牛犬與新朋友們,128
327,NINTENDO 3DS,3DS,鋼彈3D對戰,130
327,NINTENDO 3DS,3DS,超級快打旋風IV 3D,132
327,NINTENDO 3DS,3DS,戰國無雙 編年史,134
327,PlayStation Portable,PSP,解放之刃REXX,5
327,PlayStation Portable,PSP,史坦斯閘門,10
327,PlayStation Portable,PSP,戰鼓啪打碰3,40
327,PlayStation Portable,PSP,戰場女武神3,58
327,PlayStation Portable,PSP,魔物獵人PORTABLE 3rd,76
327,PlayStation Portable,PSP,精靈情緣,125
327,PlayStation Portable,PSP,戰鬥神姬 戰鬥群英Mk.2,125
327,PlayStation Portable,PSP,ToHeart2 迷宮旅人,126
327,PlayStation Portable,PSP,冬宮III 暗黑使徒與太陽宮殿,127
327,PlayStation Portable,PSP,最後約定的故事,136
327,PlayStation Portable,PSP,SD鋼彈G世代 新世界,140
327,PlayStation Portable,PSP,PERSONA2 罪,142
327,Wii,Wii,SD鋼彈G世代 新世界,140
327,PlayStation3,PS3,殺戮地帶3,30
327,PlayStation3,PS3,越野風暴3,44
327,PlayStation3,PS3,SOCOM 4: U.S. NAVY SEALs,48
327,PlayStation3,PS3,Move明星大集合,50
327,PlayStation3,PS3,小小大星球2,52
327,PlayStation3,PS3,凱薩琳,67
327,PlayStation3,PS3,人中之龍 OF THE END,144
327,PlayStation3,PS3,真・三國無雙6,146
327,PlayStation3,PS3,無盡傳奇,150
327,Xbox 360,Xbox 360,Ever 17,8
327,Xbox 360,Xbox 360,史坦斯閘門 比翼雙飛的戀人,12
327,Xbox 360,Xbox 360,凱薩琳,67
327,Xbox 360,Xbox 360,偶像大師2,152
328,NINTENDO DS,NDS,奪寶報告 機械機關的遺產,12
328,NINTENDO DS,NDS,逆轉檢事2,114
328,NINTENDO DS,NDS,角色快拍！美樂蒂,144
328,NINTENDO 3DS,3DS,縱橫諜海3D,14
328,NINTENDO 3DS,3DS,超級快打旋風IV 3D,44
328,NINTENDO 3DS,3DS,戰國無雙 編年史,48
328,NINTENDO 3DS,3DS,とびだす！パズルボブル 3D,52
328,NINTENDO 3DS,3DS,任天狗＋貓 柴犬與新朋友們,54
328,NINTENDO 3DS,3DS,任天狗＋貓 玩具貴賓犬與新朋友們,54
328,NINTENDO 3DS,3DS,任天狗＋貓 法國鬥牛犬與新朋友們,54
328,NINTENDO 3DS,3DS,實感賽車3D,56
328,NINTENDO 3DS,3DS,恐龍大作戰3D,58
328,NINTENDO 3DS,3DS,雷頓教授與奇蹟面具,60
328,PlayStation Portable,PSP,魔槍戰記 -魔槍軍神與英雄戰-,16
328,PlayStation Portable,PSP,SD鋼彈G世代 新世界,106
328,PlayStation Portable,PSP,白騎士物語 episode.portable 教義戰爭,119
328,PlayStation Portable,PSP,超時空要塞 三角邊疆,124
328,PlayStation Portable,PSP,魔物獵人PORTABLE 3rd,129
328,PlayStation Portable,PSP,DISSIDIA duodecim FINAL FANTASY,132
328,PlayStation Portable,PSP,秋之回憶 打勾勾的記憶,144
328,PlayStation Portable,PSP,神劍闖江湖-明治劍客浪漫譚-再閃,144
328,PlayStation Portable,PSP,戀曲寫真,146
328,PlayStation Portable,PSP,FINAL FANTASY IV Complete Collection,150
328,Wii,Wii,SD鋼彈G世代 新世界,106
328,PlayStation3,PS3,極限混亂,7
328,PlayStation3,PS3,凱薩琳,95
328,PlayStation3,PS3,侍道4,138
328,PlayStation3,PS3,虛擬實戰網球4,144
328,Xbox 360,Xbox 360,極限混亂,7
328,Xbox 360,Xbox 360,凱薩琳,95
328,Xbox 360,Xbox 360,偶像大師2,100
328,Xbox 360,Xbox 360,虛擬實戰網球4,144
328,Xbox 360,Xbox 360,赤刀 真,145
328,Xbox 360,Xbox 360,皮影忍者,145
329,NINTENDO DS,NDS,逆轉檢事2,92
329,NINTENDO DS,NDS,名偵探科南 藍寶石迴旋曲,110
329,NINTENDO DS,NDS,DRAGON QUEST MONSTERS-Joker 2 PROFESSIONAL,118
329,NINTENDO 3DS,3DS,雷頓教授與奇蹟面具,24
329,NINTENDO 3DS,3DS,鋼彈3D對戰,54
329,NINTENDO 3DS,3DS,數獨+3 ～nikoli益智集錦～,110
329,PlayStation Portable,PSP,屍骸派對 暗影之書,9
329,PlayStation Portable,PSP,SD鋼彈G世代 新世界,50
329,PlayStation Portable,PSP,夢幻之星PORTABLE 2 無窮進化,67
329,PlayStation Portable,PSP,DISSIDIA duodecim FINAL FANTASY,85
329,Wii,Wii,SD鋼彈G世代 新世界,50
329,PlayStation3,PS3,黑暗靈魂,12
329,PlayStation3,PS3,機戰傭兵V,16
329,PlayStation3,PS3,食人巨鷹TRICO,20
329,PlayStation3,PS3,侍道4,58
329,PlayStation3,PS3,真・三國無雙6,100
329,PlayStation3,PS3,驚奇柏青哥 小拳王 KYORAKU精選集Vol.1,110
329,PlayStation3,PS3,信長之野望・天道 with 威力加強版,111
329,PlayStation3,PS3,SOCOM 4: U.S. NAVY SEALs,112
329,PlayStation3,PS3,特洛伊無雙,114
329,PlayStation3,PS3,空戰奇兵 突擊地平線,116
329,PlayStation3,PS3,人中之龍 OF THE END,120
329,Xbox 360,Xbox 360,機戰傭兵V,16
329,Xbox 360,Xbox 360,偶像大師2,82
329,Xbox 360,Xbox 360,復甦夢魘,111
329,Xbox 360,Xbox 360,特洛伊無雙,114
329,Xbox 360,Xbox 360,空戰奇兵 突擊地平線,116
330,NINTENDO DS,NDS,東大將棋 名人戰道場DS,110
330,NINTENDO 3DS,3DS,神眼釣手3D,110
330,NINTENDO 3DS,3DS,職棒家庭棒球場2011,112
330,NINTENDO 3DS,3DS,生死格鬥 新次元,114
330,NINTENDO 3DS,3DS,深淵傳奇,118
330,PlayStation Portable,PSP,DISSIDIA duodecim FINAL FANTASY,64
330,PlayStation Portable,PSP,SD鋼彈G世代 新世界,72
330,PlayStation Portable,PSP,夢幻之星PORTABLE 2 無窮進化,75
330,PlayStation Portable,PSP,魔物獵人PORTABLE 3rd,84
330,PlayStation Portable,PSP,職棒野球魂2011,111
330,PlayStation Portable,PSP,高校狂師,116
330,PlayStation Portable,PSP,秋葉原歷險,120
330,Wii,Wii,SD鋼彈G世代 新世界,72
330,PlayStation3,PS3,黑色洛城,4
330,PlayStation3,PS3,狂彈風暴,17
330,PlayStation3,PS3,闇龍紀元2,18
330,PlayStation3,PS3,侍道4,59
330,PlayStation3,PS3,真・三國無雙6,88
330,PlayStation3,PS3,燒屍滅跡,110
330,PlayStation3,PS3,職棒野球魂2011,111
330,Xbox 360,Xbox 360,黑色洛城,4
330,Xbox 360,Xbox 360,MUV-LUV,8
330,Xbox 360,Xbox 360,MUV-LUV ALTERNATIVE,9
330,Xbox 360,Xbox 360,狂彈風暴,17
330,Xbox 360,Xbox 360,闇龍紀元2,18
330,Xbox 360,Xbox 360,偶像大師2,70
331,NINTENDO DS,NDS,學研 中文饗宴DS 聽力訓練＆書寫訓練,26
331,NINTENDO DS,NDS,學研 韓文饗宴 聽力訓練＆書寫訓練,26
331,NINTENDO DS,NDS,逆轉檢事2,82
331,NINTENDO DS,NDS,心球奇遇記,106
331,NINTENDO DS,NDS,仙魔大戰 漢熟霸王 三位動亂戰創紀,107
331,NINTENDO DS,NDS,奇妙仙子與妖精居家生活,109
331,NINTENDO DS,NDS,DRAGON QUEST MONSTERS-Joker 2 PROFESSIONAL,112
331,NINTENDO 3DS,3DS,飛行俱樂部 度假勝地,12
331,NINTENDO 3DS,3DS,潛艦駕駛員,26
331,NINTENDO 3DS,3DS,縱橫諜海3D,26
331,NINTENDO 3DS,3DS,任天狗＋貓 柴犬與新朋友們,90
331,NINTENDO 3DS,3DS,任天狗＋貓 玩具貴賓犬與新朋友們,90
331,NINTENDO 3DS,3DS,任天狗＋貓 法國鬥牛犬與新朋友們,90
331,NINTENDO 3DS,3DS,超級快打旋風IV 3D,92
331,NINTENDO 3DS,3DS,戰國無雙 編年史,94
331,NINTENDO 3DS,3DS,實感賽車3D,96
331,NINTENDO 3DS,3DS,雷頓教授與奇蹟面具,98
331,NINTENDO 3DS,3DS,觸控！雙筆運動,108
331,NINTENDO 3DS,3DS,鋼彈3D對戰,110
331,PlayStation Portable,PSP,戰國婆娑羅 歷戰英雄,5
331,PlayStation Portable,PSP,華鬼 ～戀愛初刻 永久印記～,27
331,PlayStation Portable,PSP,夢幻之星PORTABLE 2 無窮進化,44
331,PlayStation Portable,PSP,DISSIDIA duodecim FINAL FANTASY,62
331,PlayStation Portable,PSP,魔物獵人PORTABLE 3rd,66
331,PlayStation Portable,PSP,超時空要塞 三角邊疆,84
331,PlayStation Portable,PSP,世界傳奇 閃耀神話3,86
331,PlayStation Portable,PSP,遙遠時空5,88
331,PlayStation Portable,PSP,鵝媽媽的神祕洋房,109
331,PlayStation Portable,PSP,FINAL FANTASY IV Complete Collection,114
331,PlayStation Portable,PSP,戰鼓啪打碰3,116
331,Wii,Wii,異星尋奇,120
331,PlayStation3,PS3,DUNAMIS 15,10
331,PlayStation3,PS3,進化世代2：全面解放,24
331,PlayStation3,PS3,人中之龍 OF THE END,70
331,PlayStation3,PS3,越野風暴3,27
331,PlayStation3,PS3,真・三國無雙6,49
331,PlayStation3,PS3,侍道4,58
331,PlayStation3,PS3,無盡傳奇,118
331,Xbox 360,Xbox 360,DUNAMIS 15,10
331,Xbox 360,Xbox 360,進化世代2：全面解放,24
331,ARCADE,Arcade,鐵拳TAG TOURNAMENT 2,28
331,ARCADE,Arcade,頭文字D ARCADE STAGE 6 AA,30
332,NINTENDO DS,NDS,773英語教學DS 以精通TOEIC為目標,36
332,NINTENDO DS,NDS,惡魔求生者2,42
332,NINTENDO DS,NDS,DRAGON QUEST MONSTERS-Joker 2 PROFESSIONAL,114
332,NINTENDO 3DS,3DS,謎惑館 ～聲音之間～,16
332,NINTENDO 3DS,3DS,惡靈古堡 THE MERCENARIES 3D,20
332,NINTENDO 3DS,3DS,鋼彈3D對戰,36;58
332,NINTENDO 3DS,3DS,雷射超人 瘋狂兔子 時光旅行,36
332,NINTENDO 3DS,3DS,Fishing 3D,103
332,PlayStation Portable,PSP,學園義呆利Portable,37
332,PlayStation Portable,PSP,FINAL FANTASY IV Complete Collection,37
332,PlayStation Portable,PSP,懷舊迷宮X2,37
332,PlayStation Portable,PSP,白衣性戀愛症候群,44
332,PlayStation Portable,PSP,FINAL FANTASY 零式,51
332,PlayStation Portable,PSP,夢幻之星PORTABLE 2 無窮進化,64
332,PlayStation Portable,PSP,SD鋼彈G世代 新世界,86
332,PlayStation Portable,PSP,密室犧牲者 ～美紀：亢奮之夜～,103
332,PlayStation Portable,PSP,翻轉颱風Portable,104
332,PlayStation Portable,PSP,出擊!!少女們的戰場2,104
332,PlayStation Portable,PSP,日常（外星人）,104
332,PlayStation Portable,PSP,ToHeart2 迷宮旅人,105
332,PlayStation Portable,PSP,模擬J聯盟足球7 EURO PLUS,106
332,PlayStation Portable,PSP,魔槍戰記 -魔槍軍神與英雄戰爭-,108
332,PlayStation Portable,PSP,戀曲寫真,116
332,PlayStation Portable,PSP,PERSONA2 罪,118
332,Wii,Wii,祭品之夜,38
332,Wii,Wii,SD鋼彈G世代 新世界,86
332,PlayStation3,PS3,惡靈古堡 復甦精選,24
332,PlayStation3,PS3,Move明星大集合（中英文合版）,38
332,PlayStation3,PS3,末日之戰2,38;46
332,PlayStation3,PS3,進化世代2：全面解放,40
332,PlayStation3,PS3,赤色戰線：末日決戰,48
332,PlayStation3,PS3,真・三國無雙6,68
332,PlayStation3,PS3,小小大星球2（中英文合版）,74
332,PlayStation3,PS3,碧血狂殺：鬼怪夢魘包,76
332,PlayStation3,PS3,戰國無雙3 Z,78
332,PlayStation3,PS3,凱薩琳,80
332,PlayStation3,PS3,天外天2,82
332,PlayStation3,PS3,MARVEL VS. CAPCOM 3 兩個世界的命運,84
332,PlayStation3,PS3,殺戮地帶3,88
332,PlayStation3,PS3,魔界戰記4,90
332,PlayStation3,PS3,狂彈風暴,92
332,PlayStation3,PS3,鍊金術士梅露露 ～亞蘭德的鍊金術士3～,102
332,PlayStation3,PS3,邊境封鎖島,110
332,PlayStation3,PS3,暗夜獵殺：惡魔熔爐,112
332,PlayStation3,PS3,無盡傳奇,120
332,Xbox 360,Xbox 360,惡靈古堡 復甦精選,24
332,Xbox 360,Xbox 360,末日之戰2,39;46
332,Xbox 360,Xbox 360,ESCHATOS,39
332,Xbox 360,Xbox 360,救世英豪：中古傳奇4,39
332,Xbox 360,Xbox 360,進化世代2：全面解放,40
332,Xbox 360,Xbox 360,赤色戰線：末日決戰,48
332,Xbox 360,Xbox 360,碧血狂殺：鬼怪夢魘包,76
332,Xbox 360,Xbox 360,凱薩琳,80
332,Xbox 360,Xbox 360,天外天2,82
332,Xbox 360,Xbox 360,MARVEL VS. CAPCOM 3 兩個世界的命運,84
332,Xbox 360,Xbox 360,狂彈風暴,92
332,Xbox 360,Xbox 360,邊境封鎖島,110
332,Xbox 360,Xbox 360,暗夜獵殺：惡魔熔爐,112
332,ARCADE,Arcade,超級快打旋風IV ARCADE EDITION,100
333,NINTENDO DS,NDS,DRAGON QUEST MONSTERS-Joker 2 PROFESSIONAL,34;44
333,NINTENDO DS,NDS,怪談餐館 毛骨悚然菜單100選,108
333,NINTENDO 3DS,3DS,劍與魔法與學園迷宮3D,20
333,NINTENDO 3DS,3DS,蒼翼默示錄 連續變幻II,34
333,NINTENDO 3DS,3DS,火影忍者 疾風傳 忍立體繪卷！最強忍界決戰!!,34
333,NINTENDO 3DS,3DS,病毒射手XX,35
333,NINTENDO 3DS,3DS,nikoli數獨3D ～8種猜謎1000題～,35
333,NINTENDO 3DS,3DS,職棒家庭棒球場2011,35
333,NINTENDO 3DS,3DS,スライムもりもりDRAGON QUEST 3 大海賊としっぽ団,47
333,NINTENDO 3DS,3DS,閃電十一人GO,101
333,NINTENDO 3DS,3DS,小精靈＆大蜜蜂 新次元,110
333,PlayStation Portable,PSP,鋼彈回憶錄 ～歷戰回憶～,12
333,PlayStation Portable,PSP,降鬼一族,16
333,PlayStation Portable,PSP,光輝同盟,22
333,PlayStation Portable,PSP,聖騎戰史,26
333,PlayStation Portable,PSP,蒼翼默示錄 連續變幻II,36
333,PlayStation Portable,PSP,愛麗絲夢遊梅花國,36
333,PlayStation Portable,PSP,性感女劍士特別版,36
333,PlayStation Portable,PSP,聖誕之吻（EB收藏集＋）,48
333,PlayStation Portable,PSP,魔物獵人PORTABLE 3rd,82
333,PlayStation Portable,PSP,夢幻之星PORTABLE 2 無窮進化,85
333,PlayStation Portable,PSP,戀曲寫真,112
333,Wii,Wii,閃電十一人 足球前鋒,100
333,PlayStation3,PS3,惡靈古堡 浣熊市行動,7
333,PlayStation3,PS3,傳送門2,24
333,PlayStation3,PS3,被詛咒的小護 ～冥界活劇寬螢幕版～,37
333,PlayStation3,PS3,吃角子老虎超狂熱 安東尼豬木加油打氣柏青嫂機,37
333,PlayStation3,PS3,幻境神界,54
333,PlayStation3,PS3,人中之龍 OF THE END,71
333,PlayStation3,PS3,魔界戰記4,104
333,PlayStation3,PS3,越野風暴3,106
333,PlayStation3,PS3,完美大戰略 ～戰場霸者～,109
333,Xbox 360,Xbox 360,惡靈古堡 浣熊市行動,7
333,Xbox 360,Xbox 360,傳送門2,24
333,Xbox 360,Xbox 360,幻境神界,54
333,Xbox 360,Xbox 360,完美大戰略 ～戰場霸者～,109
333,PlayStation2,PS2,聖誕之吻（EB收藏集＋）,48
337,NINTENDO DS,NDS,諾菈與時間工房 迷霧森林的魔女,6
337,NINTENDO DS,NDS,假面騎士全集合 騎士世代,148
337,NINTENDO DS,NDS,露營老媽+老爸,149
337,NINTENDO 3DS,3DS,祕密基地3D,10
337,NINTENDO 3DS,3DS,薩爾達傳說 時之笛3D,146
337,PlayStation Portable,PSP,光輝騎士IV OVER LOAD,12
337,PlayStation Portable,PSP,超越未來 導正時箭,14
337,PlayStation Portable,PSP,初音未來 -名伶計畫- Ver2.5（暫定）,48
337,PlayStation Portable,PSP,模擬J聯盟足球7 EURO PLUS,54
337,PlayStation Portable,PSP,最後約定的故事,61
337,PlayStation Portable,PSP,魔物獵人PORTABLE 3rd,74
337,PlayStation Portable,PSP,FINAL FANTASY 零式,135
337,PlayStation Portable,PSP,Weiß Schwarz Portable,148
337,PlayStation Portable,PSP,美女偵探社 第1卷,149
337,PlayStation Portable,PSP,光輝同盟,150
337,PlayStation Portable,PSP,聖騎戰史,152
337,Wii,Wii,潘朵拉塔 直到妳身邊,144
337,PlayStation3,PS3,超越未來 導正時箭,14
337,PlayStation3,PS3,狙擊之王：幽靈戰士,16
337,PlayStation3,PS3,DUNGEON SIEGE III,18
337,PlayStation3,PS3,越野精英賽3,20
337,PlayStation3,PS3,二元領域,32
337,PlayStation3,PS3,初音未來 -名伶計畫- 夢幻劇院2nd,52
337,PlayStation3,PS3,人中之龍 OF THE END,58
337,PlayStation3,PS3,幻境神界,67
337,Xbox 360,Xbox 360,DUNGEON SIEGE III,18
337,Xbox 360,Xbox 360,越野精英賽3,20
337,Xbox 360,Xbox 360,二元領域,32
337,Xbox 360,Xbox 360,幻境神界,67
338,NINTENDO DS,NDS,DRAGON QUEST MONSTERS-Joker 2 PROFESSIONAL,61
338,NINTENDO DS,NDS,奪寶報告 機械機關的遺產,94
338,NINTENDO DS,NDS,心球奇遇記,103
338,NINTENDO DS,NDS,惡魔求生者2,110
338,NINTENDO 3DS,3DS,潛艦駕駛員,96
338,NINTENDO 3DS,3DS,觸控！雙筆運動,104
338,NINTENDO 3DS,3DS,仙魔大戰 漢熟霸王 三位動亂戰創紀,104
338,NINTENDO 3DS,3DS,小精靈＆大蜜蜂 新次元,106
338,NINTENDO 3DS,3DS,惡靈古堡 THE MERCENARIES 3D,114
338,PlayStation Portable,PSP,七龍傳說2020,8
338,PlayStation Portable,PSP,実況パワフルプロ野球2011,20
338,PlayStation Portable,PSP,魔物獵人PORTABLE 3rd,52
338,PlayStation Portable,PSP,魔槍戰記 -魔槍軍神與英雄戰爭-,83
338,PlayStation Portable,PSP,光輝騎士IV OVER LOAD,86
338,PlayStation Portable,PSP,魔物獵人日記 溫馨艾路村G,116
338,PlayStation Portable,PSP,女王之門 渾沌螺旋,120
338,Wii,Wii,007 黃金眼,18
338,Wii,Wii,潘朵拉塔 直到妳身邊,80
338,Wii,Wii,異星尋奇,89
338,PlayStation3,PS3,愛麗絲驚魂記：瘋狂再臨,16
338,PlayStation3,PS3,実況パワフルプロ野球2011,20
338,PlayStation3,PS3,黑暗靈魂,30
338,PlayStation3,PS3,機戰傭兵V,34
338,PlayStation3,PS3,幻境神界,56
338,PlayStation3,PS3,真・三國無雙6,70
338,PlayStation3,PS3,傳送門2,92
338,PlayStation3,PS3,空戰奇兵 突擊地平線,108
338,Xbox 360,Xbox 360,愛麗絲驚魂記：瘋狂再臨,16
338,Xbox 360,Xbox 360,黑暗靈魂,30
338,Xbox 360,Xbox 360,機戰傭兵V,34
338,Xbox 360,Xbox 360,幻境神界,56
338,Xbox 360,Xbox 360,傳送門2,92
338,Xbox 360,Xbox 360,守護者列傳,105
338,Xbox 360,Xbox 360,空戰奇兵 突擊地平線,108
338,iPhone,iOS,CHAOS RINGS Ω,11
338,ARCADE,Arcade,鐵拳TAG TOURNAMENT 2,100
339,NINTENDO DS,NDS,卡比大集合,26
339,NINTENDO DS,NDS,DRAGON QUEST MONSTERS-Joker 2 PROFESSIONAL,63
339,NINTENDO DS,NDS,諾菈與時間工房 迷霧森林的魔女,108
339,NINTENDO DS,NDS,魔法氣泡!!,111
339,NINTENDO 3DS,3DS,NEW LOVE PLUS,13
339,NINTENDO 3DS,3DS,薩爾達傳說 時之笛3D,22
339,NINTENDO 3DS,3DS,星戰火狐64 3D,25
339,NINTENDO 3DS,3DS,生死格鬥 新次元,86
339,NINTENDO 3DS,3DS,深淵傳奇,128
339,NINTENDO 3DS,3DS,惡靈古堡 THE MERCENARIES 3D,130
339,PlayStation Portable,PSP,魔物獵人PORTABLE 3rd,74
339,PlayStation Portable,PSP,秋葉原歷險,90
339,PlayStation Portable,PSP,魔槍戰記 -魔槍軍神與英雄戰爭-,94
339,PlayStation Portable,PSP,官能昔話Portable,112
339,PlayStation Portable,PSP,勁歌貴公子Repeat,112
339,PlayStation Portable,PSP,美食獵人TORIKO 美食求生戰！,113
339,PlayStation Portable,PSP,熱烈柏青魂Portable VOL 1 福音戰士～真實之翼～,113
339,PlayStation Portable,PSP,ToHeart2 迷宮旅人,114
339,PlayStation Portable,PSP,模擬J聯盟足球7 EURO PLUS,116
339,PlayStation Portable,PSP,光輝同盟,118
339,PlayStation Portable,PSP,戰國婆娑羅 歷戰英雄,120
339,PlayStation Portable,PSP,鋼彈回憶錄 ～歷戰回憶～,132
339,PlayStation Portable,PSP,降鬼一族,134
339,PlayStation Portable,PSP,女王之門 渾沌螺旋,138
339,Wii,Wii,潘朵拉塔 直到妳身邊,98
339,PlayStation3,PS3,第2次超級機器人大戰OG,5
339,PlayStation3,PS3,劍魂V,20
339,PlayStation3,PS3,黑色洛城,39
339,PlayStation3,PS3,人中之龍 OF THE END,44
339,PlayStation3,PS3,幻境神界,70
339,PlayStation3,PS3,極限混亂,104
339,PlayStation3,PS3,熱烈柏青魂 VOL 2 福音戰士～真實之翼～,113
339,PlayStation3,PS3,ToHeart2 DX PLUS,122
339,PlayStation3,PS3,inFAMOUS 2,124
339,PlayStation3,PS3,東京叢林,126
339,PlayStation3,PS3,特洛伊無雙,136
339,Xbox 360,Xbox 360,劍魂V,20
339,Xbox 360,Xbox 360,黑色洛城,39
339,Xbox 360,Xbox 360,幻境神界,70
339,Xbox 360,Xbox 360,極限混亂,104
339,Xbox 360,Xbox 360,特洛伊無雙,136
339,ARCADE,Arcade,鐵拳TAG TOURNAMENT 2,82
340,NINTENDO DS,NDS,DRAGON QUEST MONSTERS-Joker 2 PROFESSIONAL,73
340,NINTENDO 3DS,3DS,惡靈古堡 THE MERCENARIES 3D,50
340,NINTENDO 3DS,3DS,驚奇！浮現！魔法筆,111
340,PlayStation Portable,PSP,魔物獵人PORTABLE 3rd,64
340,PlayStation Portable,PSP,FINAL FANTASY 零式,84
340,PlayStation Portable,PSP,糖果島的彼得潘 ～Sweet Never Land～,109
340,PlayStation Portable,PSP,深紅帝國 ～Circumstances to serve a noble～,109
340,PlayStation Portable,PSP,擬真殺人遊戲 第1卷,109
340,PlayStation Portable,PSP,code_18,110
340,PlayStation Portable,PSP,聖騎戰史,112
340,PlayStation Portable,PSP,戀曲寫真,116
340,PlayStation Portable,PSP,鋼彈回憶錄 ～歷戰回憶～,122
340,Wii,Wii,DRAGON QUEST 25周年記念 FAMICOM＆SUPER FAMICOM DRAGON QUEST Ⅰ・Ⅱ・Ⅲ,13
340,Wii,Wii,潘朵拉塔 直到妳身邊,56
340,PlayStation3,PS3,闇影罪罰,16
340,PlayStation3,PS3,人中之龍 OF THE END,43
340,PlayStation3,PS3,特洛伊無雙,68
340,PlayStation3,PS3,戰慄突擊3,114
340,PlayStation3,PS3,無盡傳奇,120
340,Xbox 360,Xbox 360,闇影罪罰,16
340,Xbox 360,Xbox 360,特洛伊無雙,68
340,Xbox 360,Xbox 360,code_18,110
340,Xbox 360,Xbox 360,30秒勇者 -Super Mega Neo Climax-,110
340,Xbox 360,Xbox 360,閃亮銀槍,110
340,Xbox 360,Xbox 360,戰慄突擊3,114
343,NINTENDO DS,NDS,魔法氣泡!!,153
343,NINTENDO DS,NDS,小熊維尼 百畝森林食譜,154
343,NINTENDO DS,NDS,惡魔求生者2,160
343,PlayStation Portable,PSP,戰國婆娑羅 歷戰英雄,52
343,PlayStation Portable,PSP,魔物獵人日記 溫馨艾路村G,62
343,PlayStation Portable,PSP,新世紀福音戰士新劇場版 3nd Impact,150
343,PlayStation Portable,PSP,CLOCK ZERO ～最後一秒～ Portable,154
343,PlayStation Portable,PSP,戀愛番長2 午夜課程!!!,154
343,PlayStation Portable,PSP,萌萌大戰爭☆現代版＋,155
343,PlayStation Portable,PSP,光輝騎士IV OVER RELOADED,156
343,PlayStation Portable,PSP,聖騎戰史,162
343,PlayStation Portable,PSP,ToHeart2 迷宮旅人,164
343,PlayStation Portable,PSP,降鬼一族,166
343,NINTENDO 3DS,3DS,惡靈古堡 真相,44
343,NINTENDO 3DS,3DS,@SIMPLE DL系列 Vol.1 THE 逃出密室 ～不可思議的麥當熊篇～,152
343,Wii,Wii,全民節奏天國,142
343,Wii,Wii,Wii遙控器Plus 綜合包,144
343,Wii,Wii,いただきストリートWii,146
343,PlayStation3,PS3,魔物獵人PORTABLE 3rd HD版,32
343,PlayStation3,PS3,龍族教義,36
343,PlayStation3,PS3,惡靈古堡 浣熊市行動,40
343,PlayStation3,PS3,快打旋風 X 鐵拳,48
343,PlayStation3,PS3,死亡復甦2 非公開事件,56
343,PlayStation3,PS3,阿修羅之怒,60
343,PlayStation3,PS3,FINAL FANTASY XIII-2,64
343,PlayStation3,PS3,人中之龍 OF THE END,72
343,PlayStation3,PS3,inFAMOUS 2,85
343,PlayStation3,PS3,闇影罪罰,86
343,PlayStation3,PS3,決勝時刻：現代戰爭3,148
343,PlayStation3,PS3,ToHeart2 DX PLUS,158
343,Xbox 360,Xbox 360,戰爭機器3,16
343,Xbox 360,Xbox 360,龍族教義,36
343,Xbox 360,Xbox 360,惡靈古堡 浣熊市行動,40
343,Xbox 360,Xbox 360,快打旋風 X 鐵拳,48
343,Xbox 360,Xbox 360,死亡復甦2 非公開事件,56
343,Xbox 360,Xbox 360,阿修羅之怒,60
343,Xbox 360,Xbox 360,FINAL FANTASY XIII-2,64
343,Xbox 360,Xbox 360,闇影罪罰,86
343,Xbox 360,Xbox 360,決勝時刻：現代戰爭3,148
343,ARCADE,Arcade,鐵拳TAG TOURNAMENT 2,140
346,NINTENDO DS,NDS,坦克戰記2：重裝上陣,31
346,NINTENDO DS,NDS,諾菈與時間工房 迷霧森林的魔女,44
346,NINTENDO DS,NDS,心球奇遇記,104
346,NINTENDO DS,NDS,魔法氣泡!!,108
346,PlayStation Portable,PSP,FINAL FANTASY 零式,38
346,PlayStation Portable,PSP,魔物獵人日記 溫馨艾路村G,46
346,PlayStation Portable,PSP,黑岩射手,48
346,PlayStation Portable,PSP,聖騎戰史,50
346,PlayStation Portable,PSP,戰國婆娑羅 歷戰英雄,82
346,PlayStation Portable,PSP,幽靈王國PORTABLE,108
346,PlayStation Portable,PSP,信長之野望・蒼天錄 with 威力加強版,109
346,PlayStation Portable,PSP,七龍傳說2020,112
346,NINTENDO 3DS,3DS,少女RPG 灰姑娘生活,34
346,NINTENDO 3DS,3DS,薩爾達傳說 時之笛3D,76
346,NINTENDO 3DS,3DS,星戰火狐64 3D,86
346,NINTENDO 3DS,3DS,仙魔大戰 漢熟霸王 三位動亂戰創紀,109
346,Wii,Wii,戰國婆娑羅3 宴,13
346,Wii,Wii,家庭釣魚,110
346,Wii,Wii,冠軍騎師 疾馳賽馬＆騎師之道,114
346,PlayStation3,PS3,戰國婆娑羅3 宴,13
346,PlayStation3,PS3,全面對抗3,20
346,PlayStation3,PS3,魔物獵人PORTABLE 3rd HD版,52
346,PlayStation3,PS3,黑暗靈魂,56
346,PlayStation3,PS3,無盡傳奇,60
346,PlayStation3,PS3,機戰傭兵V,64
346,PlayStation3,PS3,超級快打旋風IV ARCADE EDITION,70
346,PlayStation3,PS3,鍊金術士梅露露 ～亞蘭德的鍊金術士3～,97
346,PlayStation3,PS3,二元領域,100
346,PlayStation3,PS3,魔界戰記4 追加劇本「暴君瓦爾巴特傑篇」,108
346,PlayStation3,PS3,冠軍騎師 疾馳賽馬＆騎師之道,114
346,PlayStation3,PS3,戰國無雙3 Empires,116
346,PlayStation3,PS3,空戰奇兵 突擊地平線,118
346,Xbox 360,Xbox 360,黑暗靈魂,56
346,Xbox 360,Xbox 360,機戰傭兵V,64
346,Xbox 360,Xbox 360,超級快打旋風IV ARCADE EDITION,70
346,Xbox 360,Xbox 360,二元領域,100
346,Xbox 360,Xbox 360,冠軍騎師 疾馳賽馬＆騎師之道,114
346,Xbox 360,Xbox 360,空戰奇兵 突擊地平線,118
346,ARCADE,Arcade,邊境保衛戰 爆聲震天,106
348,NINTENDO DS,NDS,諾菈與時間工房 迷霧森林的魔女,60
348,PlayStation Portable,PSP,初音未來 -名伶計畫- extend,32
348,PlayStation Portable,PSP,戰國婆娑羅 歷戰英雄,51
348,PlayStation Portable,PSP,実況パワフルプロ野球2011,66
348,PlayStation Portable,PSP,黑尾鷗鳴泣時 Portable 1,105
348,PlayStation Portable,PSP,黑尾鷗鳴泣時 Portable 2,105
348,PlayStation Portable,PSP,福音戰士新劇場版 3nd Impact,106
348,PlayStation Portable,PSP,機動戰士鋼彈 新基連的野望,108
348,PlayStation Portable,PSP,魔物獵人日記 溫馨艾路村G,118
348,PlayStation Portable,PSP,降鬼一族,120
348,PlayStation Portable,PSP,戀曲寫真,122
348,PlayStation3,PS3,電鋸甜心,4
348,PlayStation3,PS3,偶像大師2,10
348,PlayStation3,PS3,劇場版超時空要塞 邊疆 ～戀離飛翼～ 組合包,14
348,PlayStation3,PS3,狂怒煉獄,24
348,PlayStation3,PS3,阿修羅之怒,28
348,PlayStation3,PS3,初音未來 -名伶計畫- 夢幻劇院2nd,36
348,PlayStation3,PS3,実況パワフルプロ野球2011,66
348,PlayStation3,PS3,黑色洛城,102
348,PlayStation3,PS3,ToHeart2 DX PLUS,110
348,PlayStation3,PS3,真・三國無雙6 猛將傳,112
348,PlayStation3,PS3,戰國無雙3 Empires,114
348,PlayStation3,PS3,無盡傳奇,124
348,PlayStation3,PS3,魔物獵人PORTABLE 3rd HD版,128
348,PlayStation3,PS3,龍族教義,132
348,Xbox 360,Xbox 360,電鋸甜心,4
348,Xbox 360,Xbox 360,狂怒煉獄,24
348,Xbox 360,Xbox 360,阿修羅之怒,28
348,Xbox 360,Xbox 360,黑色洛城,102
348,Xbox 360,Xbox 360,復甦夢魘,116
348,Xbox 360,Xbox 360,龍族教義,132
360,PlayStation Portable,PSP,光明之刃,12
360,PlayStation Portable,PSP,機動戰士鋼彈 木馬的軌跡,16
360,PlayStation Portable,PSP,機動戰士鋼彈AGE,38
360,PlayStation Portable,PSP,FINAL FANTASY 零式,42
360,PlayStation Portable,PSP,紙箱戰機 全速衝刺,80
360,PlayStation Portable,PSP,英雄幻想曲,108
360,PlayStation Portable,PSP,LORD of APOCALYPSE,110
360,PlayStation Portable,PSP,初音未來 -名伶計畫- extend,120
360,PlayStation Vita,PS Vita,實感賽車,106
360,PlayStation Vita,PS Vita,伸縮塊魂,107
360,PlayStation Vita,PS Vita,LORD of APOCALYPSE,110
360,PlayStation Vita,PS Vita,全民高爾夫6,112
360,PlayStation Vita,PS Vita,快打旋風 X 鐵拳,114
360,PlayStation Vita,PS Vita,終極MARVEL VS. CAPCOM 3,116
360,NINTENDO 3DS,3DS,魔物獵人3G,5
360,NINTENDO 3DS,3DS,衝鋒飛車3D：極限操控,20
360,NINTENDO 3DS,3DS,密室愛相隨,22
360,NINTENDO 3DS,3DS,公主密碼,35
360,NINTENDO 3DS,3DS,閃電十一人GO 光明版／黑暗版,84
360,NINTENDO 3DS,3DS,新・光神話,86
360,NINTENDO 3DS,3DS,NEW LOVE PLUS,122
360,NINTENDO 3DS,3DS,超級瑪利歐3D樂園,124
360,NINTENDO 3DS,3DS,瑪利歐賽車7,128
360,NINTENDO 3DS,3DS,惡靈古堡 真相,136
360,Wii,Wii,閃電十一人 足球前鋒 2012終極版,82
360,Wii,Wii,薩爾達傳說 通天劍,88
360,Wii,Wii,DRAGON QUEST X,92
360,Wii,Wii,戰國婆娑羅3 宴,130
360,PlayStation3,PS3,空戰奇兵 突擊地平線,70
360,PlayStation3,PS3,龍族教義,96
360,PlayStation3,PS3,二元領域,102
360,PlayStation3,PS3,快打旋風 X 鐵拳,114
360,PlayStation3,PS3,終極MARVEL VS. CAPCOM 3,116
360,PlayStation3,PS3,無雙OROCHI 蛇魔2,118
360,PlayStation3,PS3,戰國婆娑羅3 宴,130
360,PlayStation3,PS3,機動戰士鋼彈 極限VS.,132
360,PlayStation3,PS3,Persona 4 終極深夜競技場,134
360,Xbox 360,Xbox 360,空戰奇兵 突擊地平線,70
360,Xbox 360,Xbox 360,龍族教義,96
360,Xbox 360,Xbox 360,二元領域,102
360,Xbox 360,Xbox 360,快打旋風 X 鐵拳,114
360,Xbox 360,Xbox 360,終極MARVEL VS. CAPCOM 3,116
360,Xbox 360,Xbox 360,無雙OROCHI 蛇魔2,118
360,Xbox 360,Xbox 360,Persona 4 終極深夜競技場,134
360,ARCADE,Arcade,Persona 4 終極深夜競技場,134
361,PlayStation Portable,PSP,超級機器人大戰OG傳奇 魔裝機神II,16
361,PlayStation Portable,PSP,CONCEPTION 產子救世錄,20
361,PlayStation Portable,PSP,小魔女帕妃 黑貓魔法店故事,22
361,PlayStation Portable,PSP,FINAL FANTASY 零式,83
361,PlayStation Portable,PSP,女僕☆天堂,116
361,PlayStation Portable,PSP,數碼寶貝世界 Re: Digitize,117
361,PlayStation Portable,PSP,英雄傳奇 搭檔群雄,118
361,PlayStation Vita,PS Vita,真・三國無雙NEXT,120
361,PlayStation Vita,PS Vita,純真傳奇R,126
361,PlayStation Vita,PS Vita,真恐怖驚魂夜 第11位來訪者,128
361,NINTENDO 3DS,3DS,超級瑪利歐3D樂園,33
361,NINTENDO 3DS,3DS,鐵拳 3D PRIME EDTION,122
361,Wii,Wii,薩爾達傳說 通天劍,42
361,Wii,Wii,DRAGON QUEST X,52
361,Wii,Wii,戰國婆娑羅3 宴,130
361,Wii U,Wii U,DRAGON QUEST X,52
361,PlayStation3,PS3,江湖本色3,8
361,PlayStation3,PS3,WWE激爆職業摔角2012,24
361,PlayStation3,PS3,FINAL FANTASY XIII-2,46
361,PlayStation3,PS3,空戰奇兵 突擊地平線,104
361,PlayStation3,PS3,聖鬥士星矢戰記,124
361,PlayStation3,PS3,真恐怖驚魂夜 第11位來訪者,128
361,PlayStation3,PS3,戰國婆娑羅3 宴,130
361,Xbox 360,Xbox 360,江湖本色3,8
361,Xbox 360,Xbox 360,WWE激爆職業摔角2012,24
361,Xbox 360,Xbox 360,FINAL FANTASY XIII-2,46
361,Xbox 360,Xbox 360,空戰奇兵 突擊地平線,104
362,PlayStation Portable,PSP,FINAL FANTASY 零式,60
362,PlayStation Portable,PSP,車輪國與向日葵少女,92
362,PlayStation Portable,PSP,英雄傳奇 搭檔群雄,94
362,PlayStation Portable,PSP,LORD of APOCALYPSE,96
362,PlayStation Portable,PSP,七龍傳說2020,106
362,PlayStation Vita,PS Vita,LORD of APOCALYPSE,96
362,PlayStation Vita,PS Vita,UNCHARTED: Golden Abyss,98
362,PlayStation Vita,PS Vita,引力空間,100
362,PlayStation Vita,PS Vita,忍道2 散華,102
362,NINTENDO 3DS,3DS,魔物獵人3G,18
362,NINTENDO 3DS,3DS,超級瑪利歐3D樂園,45
362,NINTENDO 3DS,3DS,新・光神話,80
362,NINTENDO 3DS,3DS,熱血硬派 特別版,92
362,NINTENDO 3DS,3DS,忍3D,104
362,NINTENDO 3DS,3DS,NEW LOVEPLUS,108
362,NINTENDO 3DS,3DS,瑪利歐賽車7,110
362,NINTENDO 3DS,3DS,惡靈古堡 真相,112
362,Wii,Wii,戰國婆娑羅3 宴,40
362,Wii,Wii,薩爾達傳說 通天劍,82
362,PlayStation3,PS3,DMC惡魔獵人,6
362,PlayStation3,PS3,惡魔獵人 HD收藏集,16
362,PlayStation3,PS3,UNCHARTED 3: Drake's Deception,34
362,PlayStation3,PS3,戰國婆娑羅3 宴,40
362,PlayStation3,PS3,戰地風雲3,70
362,PlayStation3,PS3,FINAL FANTASY XIII-2,86
362,PlayStation3,PS3,刺客教條 啟示錄,88
362,PlayStation3,PS3,決勝時刻：現代戰爭3,90
362,PlayStation3,PS3,天翔鐵騎 UNDER DEFEAT HD,93
362,PlayStation3,PS3,機動戰士鋼彈 極限VS.,114
362,PlayStation3,PS3,無雙OROCHI 蛇魔2,116
362,PlayStation3,PS3,阿修羅之怒,118
362,Xbox 360,Xbox 360,DMC惡魔獵人,6
362,Xbox 360,Xbox 360,惡魔獵人 HD收藏集,16
362,Xbox 360,Xbox 360,戰地風雲3,70
362,Xbox 360,Xbox 360,FINAL FANTASY XIII-2,86
362,Xbox 360,Xbox 360,刺客教條 啟示錄,88
362,Xbox 360,Xbox 360,決勝時刻：現代戰爭3,90
362,Xbox 360,Xbox 360,迷宮X Blood 重裝上陣,93
362,Xbox 360,Xbox 360,天翔鐵騎 UNDER DEFEAT HD,93
362,Xbox 360,Xbox 360,無雙OROCHI 蛇魔2,116
362,Xbox 360,Xbox 360,阿修羅之怒,118
363,PlayStation Portable,PSP,FINAL FANTASY 零式,49
363,PlayStation Portable,PSP,黑豹2 人中之龍 阿修羅篇,98
363,PlayStation Portable,PSP,機動戰士鋼彈 木馬的軌跡,116
363,PlayStation Vita,PS Vita,磁浮飛車2048,10
363,PlayStation Vita,PS Vita,真・三國無雙NEXT,104
363,PlayStation Vita,PS Vita,VR網球4,106
363,PlayStation Vita,PS Vita,終極MARVEL VS. CAPCOM 3,108
363,NINTENDO 3DS,3DS,超級瑪利歐3D樂園,73
363,NINTENDO 3DS,3DS,新・光神話,96
363,NINTENDO 3DS,3DS,柏青哥天堂3D PREMIUM海物語 夢想少女與柏青哥王決定戰,103
363,NINTENDO 3DS,3DS,空戰奇兵3D 交叉熱鬥,110
363,NINTENDO 3DS,3DS,SD鋼彈G世代 3D,112
363,NINTENDO 3DS,3DS,瑪利歐賽車7,118
363,Wii,Wii,DRAGON QUEST X,22
363,Wii,Wii,薩爾達傳說 通天劍,26
363,Wii,Wii,戰國婆娑羅3 宴,64
363,PlayStation3,PS3,機動戰士鋼彈UC,5
363,PlayStation3,PS3,第二國度 白色聖灰女王,30
363,PlayStation3,PS3,刺客教條 啟示錄,36
363,PlayStation3,PS3,上古卷軸V：無界天際,40
363,PlayStation3,PS3,決勝時刻：現代戰爭3,44
363,PlayStation3,PS3,戰國婆娑羅3 宴,64
363,PlayStation3,PS3,戰地風雲3,86
363,PlayStation3,PS3,二元領域,100
363,PlayStation3,PS3,PIXELJUNK SIDESCROLLER,102
363,PlayStation3,PS3,終極MARVEL VS. CAPCOM 3,108
363,PlayStation3,PS3,聖鬥士星矢戰記,114
363,Xbox 360,Xbox 360,刺客教條 啟示錄,36
363,Xbox 360,Xbox 360,上古卷軸V：無界天際,40
363,Xbox 360,Xbox 360,決勝時刻：現代戰爭3,44
363,Xbox 360,Xbox 360,戰地風雲3,86
363,Xbox 360,Xbox 360,二元領域,100
363,Xbox 360,Xbox 360,終極MARVEL VS. CAPCOM 3,108
380,PlayStation Portable,PSP,喧嘩番長Bros. 塔京大混戰,12
380,PlayStation Portable,PSP,DUNAMIS 15,18
380,PlayStation Portable,PSP,黑豹2 人中之龍 阿修羅篇,46
380,PlayStation Portable,PSP,Dies irae ～Amantes amentes～,108
380,PlayStation Portable,PSP,白熊鈴星群 歡樂聖誕,108
380,PlayStation Portable,PSP,美食獵人TORIKO 美食求生戰！2,109
380,PlayStation Portable,PSP,紙箱戰機W,110
380,NINTENDO 3DS,3DS,偵探 神宮寺三郎 復仇圓舞曲,14
380,NINTENDO 3DS,3DS,聖火降魔錄 覺醒,34
380,NINTENDO 3DS,3DS,新・光神話,53
380,NINTENDO 3DS,3DS,KINGDOM HEARTS 3D [Dream Drop Distance],71
380,NINTENDO 3DS,3DS,DRAGON QUEST MONSTERS TERRY'S WONDERLAND 3D,94
380,NINTENDO 3DS,3DS,紙箱戰機 爆發衝刺,111
380,PlayStation3,PS3,創世紀傳說 世界的彼方＋Versus 複合包,6
380,PlayStation3,PS3,超時空要塞 ～愛，還記得嗎～ 複合包,10
380,PlayStation3,PS3,魔法奇境大冒險,16
380,PlayStation3,PS3,鬥車俱樂部,20
380,PlayStation3,PS3,極限混亂,30
380,PlayStation3,PS3,質量效應3,42
380,PlayStation3,PS3,東京叢林,104
380,PlayStation3,PS3,江湖本色3,112
380,PlayStation3,PS3,邊緣禁地2,114
380,PlayStation3,PS3,時與永遠,116
380,PlayStation3,PS3,惡靈古堡 浣熊市行動,118
380,PlayStation3,PS3,Persona 4 終極深夜競技場,120
380,Xbox 360,Xbox 360,鬥車俱樂部,20
380,Xbox 360,Xbox 360,極限混亂,30
380,Xbox 360,Xbox 360,Kinect衝鋒：Disney和PIXAR大冒險,38
380,Xbox 360,Xbox 360,質量效應3,42
380,Xbox 360,Xbox 360,江湖本色3,112
380,Xbox 360,Xbox 360,邊緣禁地2,114
380,Xbox 360,Xbox 360,惡靈古堡 浣熊市行動,118
380,Xbox 360,Xbox 360,Persona 4 終極深夜競技場,120
380,ARCADE,Arcade,Persona 4 終極深夜競技場,120
380,iOS,iOS,拡散性ミリオンアーサー,98
380,iOS,iOS,CHAOS RINGS II,101
380,Android,Android,拡散性ミリオンアーサー,98
381,PlayStation Portable,PSP,白衣性戀愛症候群 RE: Therapy,10
381,PlayStation Portable,PSP,PERSONA 2 罰,42
381,PlayStation Portable,PSP,黑豹2 人中之龍 阿修羅篇,80
381,PlayStation Portable,PSP,unENDing Bloody Call,116
381,PlayStation Portable,PSP,Chronobelt -Schwarz Oath-,116
381,PlayStation Portable,PSP,CONCEPTION 產子救世錄,118
381,PlayStation Vita,PS Vita,樂戰鬥士,12
381,PlayStation Vita,PS Vita,武士鬥惡龍,34
381,PlayStation Vita,PS Vita,失律星球 ～獻給逝去星球的詩歌～,44
381,PlayStation Vita,PS Vita,英雄傳說 零之軌跡 Evolution,46
381,PlayStation Vita,PS Vita,骷髏變王子,114
381,NINTENDO 3DS,3DS,BRAVELY DEFAULT,38
381,NINTENDO 3DS,3DS,KINGDOM HEARTS 3D [Dream Drop Distance],60
381,NINTENDO 3DS,3DS,新・光神話,72
381,NINTENDO 3DS,3DS,DRAGON QUEST MONSTERS TERRY'S WONDERLAND 3D,94
381,NINTENDO 3DS,3DS,聖火降魔錄 覺醒,100
381,NINTENDO 3DS,3DS,@SIMPLE DL系列 Vol.3 THE 逃出密室 ～名人豪宅篇～,116
381,NINTENDO 3DS,3DS,HELLO KITTY世界旅行！ 走遍各國,117
381,Wii,Wii,DRAGON QUEST X,97
381,WiiU,Wii U,DRAGON QUEST X,97
381,PlayStation3,PS3,刺客教條III,3
381,PlayStation3,PS3,質量效應3,87
381,PlayStation3,PS3,鍊金術士雅莎～黃昏大地的鍊金術士～,108
381,Xbox 360,Xbox 360,刺客教條III,3
381,Xbox 360,Xbox 360,質量效應3,87
381,Xbox 360,Xbox 360,SINE MORA,104
381,Xbox 360,Xbox 360,Kinect星際大戰,106
385,NINTENDO DS,NDS,假面騎士全集合 騎士世代2,105
385,PlayStation Portable,PSP,艾路益智方塊,42
385,PlayStation Portable,PSP,渾沌世代6,100
385,PlayStation Portable,PSP,亞迦雷斯特戰記 Mariage,102
385,PlayStation Portable,PSP,假面騎士全集合 騎士世代2,105
385,PlayStation Portable,PSP,超級槍彈辯駁2 再見絕望校園,118
385,PlayStation Vita,PS Vita,快打旋風 X 鐵拳,40
385,PlayStation Vita,PS Vita,失律星球 ～獻給逝去星球的詩歌～,77
385,PlayStation Vita,PS Vita,初音未來 名伶計畫NEXT（暫定）,96
385,NINTENDO 3DS,3DS,惡魔召喚師 靈魂駭客,12
385,NINTENDO 3DS,3DS,KINGDOM HEARTS 3D [Dream Drop Distance],66
385,NINTENDO 3DS,3DS,聖火降魔錄 覺醒,70
385,NINTENDO 3DS,3DS,DRAGON QUEST MONSTERS TERRY'S WONDERLAND 3D,83
385,NINTENDO 3DS,3DS,新・光神話,88
385,NINTENDO 3DS,3DS,偵探 神宮寺三郎 復仇圓舞曲,104
385,NINTENDO 3DS,3DS,PROJECT X ZONE,106
385,NINTENDO 3DS,3DS,瑪利歐網球 公開賽,110
385,NINTENDO 3DS,3DS,世界樹迷宮IV 傳說巨神,114
385,NINTENDO 3DS,3DS,戰略紙牌,116
385,Wii,Wii,DRAGON QUEST X,86
385,WiiU,Wii U,DRAGON QUEST X,86
385,PlayStation3,PS3,失落的星球3,24
385,PlayStation3,PS3,惡靈古堡6,30
385,PlayStation3,PS3,龍族教義,36
385,PlayStation3,PS3,惡靈古堡 浣熊市行動,58
385,PlayStation3,PS3,初音未來 名伶計畫NEXT（暫定）,96
385,PlayStation3,PS3,鍊金術士雅莎～黃昏大地的鍊金術士～,98
385,PlayStation3,PS3,生死格鬥5,108
385,PlayStation3,PS3,Persona 4 終極深夜競技場,120
385,PlayStation3,PS3,電鋸甜心,121
385,PlayStation3,PS3,極限混亂,134
385,Xbox 360,Xbox 360,失落的星球3,24
385,Xbox 360,Xbox 360,惡靈古堡6,30
385,Xbox 360,Xbox 360,龍族教義,36
385,Xbox 360,Xbox 360,重鐵騎,46
385,Xbox 360,Xbox 360,惡靈古堡 浣熊市行動,58
385,Xbox 360,Xbox 360,生死格鬥5,108
385,Xbox 360,Xbox 360,Persona 4 終極深夜競技場,120
385,Xbox 360,Xbox 360,電鋸甜心,121
385,Xbox 360,Xbox 360,最後一戰4,128
385,Xbox 360,Xbox 360,極限混亂,134
385,ARCADE,Arcade,Persona 4 終極深夜競技場,120
398,PlayStation Portable,PSP,那由多之軌跡,46
398,PlayStation Portable,PSP,黃昏時～怪談羅曼史～,103
398,PlayStation Portable,PSP,黃昏迷藥PORTABLE,103
398,PlayStation Portable,PSP,甜蜜心願 -Limited-,103
398,PlayStation Portable,PSP,庫特後記 Converted Edition,103
398,PlayStation Portable,PSP,笨蛋，測驗，召喚獸PORTABLE,105
398,PlayStation Portable,PSP,靈魂驅動者,108
398,PlayStation Vita,PS Vita,守護之心ONLINE for PS Vita,104
398,PlayStation Vita,PS Vita,樂戰鬥士,106
398,PlayStation Vita,PS Vita,靈魂祭品,112
398,PlayStation Vita,PS Vita,初音未來 -名伶計畫- f,116
398,NINTENDO 3DS,3DS,BRAVELY DEFAULT,34
398,NINTENDO 3DS,3DS,奇幻生活,38
398,NINTENDO 3DS,3DS,銀河遊騎兵,44
398,NINTENDO 3DS,3DS,新超級瑪利歐兄弟2,55
398,NINTENDO 3DS,3DS,DRAGON QUEST MONSTERS TERRY'S WONDERLAND 3D,96
398,NINTENDO 3DS,3DS,SMILE光之美少女 童話世界歷險,102
398,NINTENDO 3DS,3DS,走投無路危險爺爺 邪（暫定）,102
398,NINTENDO 3DS,3DS,魔法小惡魔,102
398,Wii,Wii,DRAGON QUEST X,87
398,WiiU,Wii U,DRAGON QUEST X,87
398,PlayStation3,PS3,末世騎士II,4
398,PlayStation3,PS3,惡靈古堡6,6
398,PlayStation3,PS3,戰國婆娑羅 HD收藏集,42
398,PlayStation3,PS3,銀河遊騎兵,44
398,PlayStation3,PS3,邊緣禁地2,110
398,PlayStation3,PS3,初音未來 -名伶計畫- NEXT（暫定）,116
398,PlayStation3,PS3,時與永遠,118
398,PlayStation3,PS3,大神 絕景版,120
398,Xbox 360,Xbox 360,末世騎士II,4
398,Xbox 360,Xbox 360,惡靈古堡6,6
398,Xbox 360,Xbox 360,邊緣禁地2,110
407,PlayStation Portable,PSP,megpoid the music#,4
407,PlayStation Portable,PSP,銀魂雙六,142
407,PlayStation Portable,PSP,這間教室被不回家社占領了Portable 校園狗耳篇,143
407,PlayStation Portable,PSP,心連・情結 隨機預知,144
407,NINTENDO 3DS,3DS,走出戶外 動物之森,6
407,NINTENDO 3DS,3DS,魔物獵人4,27
407,NINTENDO 3DS,3DS,BRAVELY DEFAULT,53
407,NINTENDO 3DS,3DS,PROJECT X ZONE,81
407,NINTENDO 3DS,3DS,奇幻生活,118
407,NINTENDO 3DS,3DS,偶像活動 灰姑娘課程,142
407,Wii,Wii,DRAGON QUEST X,90
407,WiiU,Wii U,新超級瑪利歐兄弟U,12
407,WiiU,Wii U,任天堂樂園,16
407,WiiU,Wii U,DRAGON QUEST X,90
407,WiiU,Wii U,太鼓之達人Wii 超豪華版,143
407,PlayStation3,PS3,惡靈古堡6,66
407,PlayStation3,PS3,時與永遠,74
407,PlayStation3,PS3,真・北斗無雙,110
407,PlayStation3,PS3,神明與命運革新的悖論,124
407,PlayStation3,PS3,FINAL FANTASY XIV: A REALM REBORN,128
407,PlayStation3,PS3,重裝火力 駭人之矛（暫定）,143
407,Xbox 360,Xbox 360,惡靈古堡6,66
407,Xbox 360,Xbox 360,真・北斗無雙,110
407,Xbox 360,Xbox 360,最後一戰4,130
407,Xbox 360,Xbox 360,重裝火力 駭人之矛（暫定）,143
412,PlayStation Portable,PSP,心連・情結 隨機預知,62
412,PlayStation Portable,PSP,聖鬥士星矢Ω 終極小宇宙,114
412,PlayStation Portable,PSP,戀花生活,117
412,PlayStation Portable,PSP,白露之怪,117
412,PlayStation Portable,PSP,沙漠王國Portable,117
412,PlayStation Portable,PSP,夏空獨白portable,117
412,PlayStation Portable,PSP,AKB1/149 戀愛總選舉,118
412,PlayStation Portable,PSP,光明之舟,126
412,PlayStation Vita,PS Vita,AKB1/149 戀愛總選舉,118
412,PlayStation Vita,PS Vita,閃亂神樂 忍者對決,130
412,NINTENDO 3DS,3DS,路易吉的鬼屋2,10
412,NINTENDO 3DS,3DS,DRAGON QUEST VII,12
412,NINTENDO 3DS,3DS,紙板瑪利歐 超級貼紙,30
412,NINTENDO 3DS,3DS,奇幻生活,40
412,NINTENDO 3DS,3DS,雷頓教授VS逆轉裁判,52
412,NINTENDO 3DS,3DS,銀河遊騎兵,56
412,NINTENDO 3DS,3DS,走出戶外 動物之森,75
412,NINTENDO 3DS,3DS,蒼翼默示錄 複製幻象,116
412,NINTENDO 3DS,3DS,功夫強尼,116
412,NINTENDO 3DS,3DS,密室愛相隨 女家教伊都香,116
412,NINTENDO 3DS,3DS,真・女神轉生IV,122
412,Wii,Wii,DRAGON QUEST X,100
412,WiiU,Wii U,新超級瑪利歐兄弟U,24
412,WiiU,Wii U,任天堂樂園,28
412,WiiU,Wii U,DRAGON QUEST X,100
412,WiiU,Wii U,SIMPLE系列 for Wii U Vol.1 THE 家庭派對,117
412,WiiU,Wii U,無雙OROCHI 蛇魔2 Hyper,120
412,PlayStation3,PS3,俠盜獵車手V,5
412,PlayStation3,PS3,第2次超級機器人大戰OG,32
412,PlayStation3,PS3,人中之龍5 夢與實踐者,44
412,PlayStation3,PS3,銀河遊騎兵,56
412,PlayStation3,PS3,刺客教條III,67
412,PlayStation3,PS3,無盡傳奇2,82
412,PlayStation3,PS3,惡靈古堡6,92
412,PlayStation3,PS3,DMC 惡魔獵人,106
412,PlayStation3,PS3,HITMAN ABSOLUTION,108
412,PlayStation3,PS3,全民高爾夫6,110
412,PlayStation3,PS3,初音未來 -名伶計畫- F,112
412,PlayStation3,PS3,JOJO的奇妙冒險 群星混戰,128
412,Xbox 360,Xbox 360,俠盜獵車手V,5
412,Xbox 360,Xbox 360,刺客教條III,67
412,Xbox 360,Xbox 360,惡靈古堡6,92
412,Xbox 360,Xbox 360,最後一戰4,102
412,Xbox 360,Xbox 360,DMC 惡魔獵人,106
412,Xbox 360,Xbox 360,HITMAN ABSOLUTION,108
412,Personal Computer,PC,DMC 惡魔獵人,106
412,Personal Computer,PC,HITMAN ABSOLUTION,108
414,PlayStation Portable,PSP,迷宮旅人2 王立圖書館與魔物封印,90
414,PlayStation Vita,PS Vita,戀曲寫真 Kiss,7
414,PlayStation Vita,PS Vita,鍊金術士托托莉Plus 亞蘭德的鍊金術士2,88
414,PlayStation Vita,PS Vita,忍者外傳Σ2 PLUS,97
414,PlayStation Vita,PS Vita,魔眼凝望,98
414,NINTENDO 3DS,3DS,魔物獵人4,4
414,NINTENDO 3DS,3DS,觸摸偵探 菇菇大繁殖,12
414,NINTENDO 3DS,3DS,雷頓教授VS逆轉裁判,36
414,NINTENDO 3DS,3DS,走出戶外 動物之森,74
414,NINTENDO 3DS,3DS,塔麻可吉伴身旁,94
414,NINTENDO 3DS,3DS,柏青哥天堂3D 豪華海物語 ～職業柏青哥風雲錄・花 孤島上的賭徒們～,96
414,NINTENDO 3DS,3DS,女劍士茜,97
414,NINTENDO 3DS,3DS,殭屍獵屠者,97
414,NINTENDO 3DS,3DS,DRAGON QUEST VII,104
414,Wii,Wii,DRAGON QUEST X,84
414,Wii U,Wii U,真・北斗無雙,50
414,Wii U,Wii U,DRAGON QUEST X,84
414,PlayStation3,PS3,異世界2,10
414,PlayStation3,PS3,人中之龍5 夢與實踐者,41
414,PlayStation3,PS3,真・北斗無雙,50
414,PlayStation3,PS3,神明與命運革新的悖論,54
414,PlayStation3,PS3,第2次超級機器人大戰OG,59
414,PlayStation3,PS3,FINAL FANTASY XIV: A REALM REBORN,86
414,PlayStation3,PS3,大都技研公式柏青嫂模擬機 秘寶傳 ～太陽追求者～,97
414,PlayStation3,PS3,初音未來 -名伶計畫- F,100
414,PlayStation3,PS3,末日之戰3,102
414,Xbox 360,Xbox 360,異世界2,10
414,Xbox 360,Xbox 360,真・北斗無雙,50
414,Xbox 360,Xbox 360,末日之戰3,102
414,Personal Computer,PC,FINAL FANTASY XIV: A REALM REBORN,86
416,PlayStation Portable,PSP,TIGER ＆ BUNNY 英雄生活,20
416,PlayStation Portable,PSP,賽馬大亨7 2013,97
416,PlayStation Portable,PSP,AKB1/149 戀愛總選舉,102
416,PlayStation Portable,PSP,噬神戰士2,110
416,PlayStation Portable,PSP,光明之舟,112
416,PlayStation Vita,PS Vita,～聖魔導物語～,32
416,PlayStation Vita,PS Vita,失律星球 ～獻給失落之星的詩篇～ RE: Incarnation,34
416,PlayStation Vita,PS Vita,魔眼凝望,98
416,PlayStation Vita,PS Vita,三國志12,100
416,PlayStation Vita,PS Vita,AKB1/149 戀愛總選舉,102
416,PlayStation Vita,PS Vita,閃亂神樂 忍者對決,106
416,PlayStation Vita,PS Vita,噬神戰士2,110
416,NINTENDO 3DS,3DS,魔物獵人4,11
416,NINTENDO 3DS,3DS,超速変形ジャイロゼッター アルバロスの翼,30
416,NINTENDO 3DS,3DS,走出戶外 動物之森,78
416,NINTENDO 3DS,3DS,奇幻生活,88
416,NINTENDO 3DS,3DS,七龍珠群英 終極任務,96
416,NINTENDO 3DS,3DS,DRAGON QUEST VII,104
416,Wii U,Wii U,魔物獵人3G HD版,72
416,Wii U,Wii U,DRAGON QUEST X,80
416,Wii,Wii,DRAGON QUEST X,80
416,PlayStation3,PS3,METAL GEAR RISING REVENGEANCE,36
416,PlayStation3,PS3,真・北斗無雙,41
416,PlayStation3,PS3,人中之龍5 夢與實踐者,64
416,PlayStation3,PS3,惡靈古堡6,76
416,PlayStation3,PS3,未完成的天鵝,94
416,PlayStation3,PS3,賽馬大亨7 2013,97
416,Xbox 360,Xbox 360,METAL GEAR RISING REVENGEANCE,36
416,Xbox 360,Xbox 360,真・北斗無雙,41
416,Xbox 360,Xbox 360,惡靈古堡6,76
420,PlayStation Portable,PSP,迷宮旅人2 王立圖書館與魔物封印,52
420,PlayStation Portable,PSP,百物語 ～怪談羅曼史～,103
420,PlayStation Portable,PSP,噬神戰士2,114
420,PlayStation Portable,PSP,光明之舟,118
420,PlayStation Portable,PSP,Fate/EXTRA CCC,120
420,PlayStation Vita,PS Vita,魔眼凝望,56
420,PlayStation Vita,PS Vita,極限凸騎 怪物卡片對決,60
420,PlayStation Vita,PS Vita,網路夢幻之星2,74
420,PlayStation Vita,PS Vita,When Vikings Attack!,96
420,PlayStation Vita,PS Vita,忍者外傳Σ2 PLUS,104
420,PlayStation Vita,PS Vita,生死格鬥5+,106
420,PlayStation Vita,PS Vita,噬神戰士2,114
420,PlayStation Vita,PS Vita,閃亂神樂 忍者對決,122
420,NINTENDO 3DS,3DS,閃電十一人GO2 時之石 熱風版,78
420,NINTENDO 3DS,3DS,閃電十一人GO2 時之石 雷鳴版,78
420,NINTENDO 3DS,3DS,走出戶外 動物之森,81
420,NINTENDO 3DS,3DS,妖怪手錶,98
420,NINTENDO 3DS,3DS,柏青哥天堂3D 豪華海物語 ～職業柏青哥風雲錄・花 孤島上的賭徒們～,102
420,NINTENDO 3DS,3DS,七龍珠群英 終極任務,103
420,NINTENDO 3DS,3DS,海王,103
420,NINTENDO 3DS,3DS,@SIMPLE DL系列 Vol.7 THE 劈腿男友 ～人贓俱獲～,103
420,NINTENDO 3DS,3DS,路易吉的鬼屋2,108
420,NINTENDO 3DS,3DS,DRAGON QUEST VII,112
420,Wii,Wii,閃電十一人GO 足球前鋒 2013,80
420,Wii,Wii,DRAGON QUEST X,82
420,Wii U,Wii U,魔物獵人3G HD版,76
420,Wii U,Wii U,DRAGON QUEST X,82
420,PlayStation3,PS3,殺手不再,2
420,PlayStation3,PS3,神明與命運革新的悖論,45
420,PlayStation3,PS3,DMC 惡魔獵人,63
420,PlayStation3,PS3,地底探險收藏集,85
420,PlayStation3,PS3,When Vikings Attack!,96
420,PlayStation3,PS3,METAL GEAR RISING REVENGEANCE,100
420,Xbox 360,Xbox 360,殺手不再,2
420,Xbox 360,Xbox 360,DMC 惡魔獵人,63
420,Xbox 360,Xbox 360,METAL GEAR RISING REVENGEANCE,100
420,ARCADE,Arcade,機動戰士鋼彈 極限VS. 全力推進,94
420,ARCADE,Arcade,機動戰士鋼彈 戰場羈絆,95
420,iOS,iOS,數碼寶貝十字軍,30
420,iOS,iOS,Guilty Dragon 罪龍與八項詛咒,32
420,iOS,iOS,辟邪除妖 戰亂魔塔,34
420,iOS,iOS,鋼彈戰區,36
420,iOS,iOS,鋼彈卡片戰鬥者,38
420,iOS,iOS,SEVEN 千年戰爭 第2季,40
420,iOS,iOS,假面騎士 騎士交鋒,42
420,iOS,iOS,網路夢幻之星2,74
420,Android,Android,Guilty Dragon 罪龍與八項詛咒,32
420,Android,Android,鋼彈卡片戰鬥者,38
420,Android,Android,假面騎士 騎士交鋒,42
420,Android,Android,網路夢幻之星2,74
420,Personal Computer,PC,DMC 惡魔獵人,63
420,Personal Computer,PC,網路夢幻之星2,74
421,PlayStation Portable,PSP,超人力霸王 全明星編年史,114
421,PlayStation Portable,PSP,遙遠時空～八葉抄～,115
421,PlayStation Portable,PSP,暴風情人2nd,115
421,PlayStation Portable,PSP,下天之華,115
421,PlayStation Portable,PSP,ROBOT魂大戰,116
421,PlayStation Portable,PSP,七龍傳說2020-II,124
421,PlayStation Portable,PSP,光明之舟,126
421,PlayStation Portable,PSP,噬神戰士2,136
421,PlayStation Vita,PS Vita,襲來！美少女邪神,16
421,PlayStation Vita,PS Vita,～聖魔導物語～,106
421,PlayStation Vita,PS Vita,Smart As…,114
421,PlayStation Vita,PS Vita,靈魂祭品,122
421,PlayStation Vita,PS Vita,噬神戰士2,136
421,NINTENDO 3DS,3DS,走出戶外 動物之森,83
421,NINTENDO 3DS,3DS,雷頓教授與超文明A的遺產,102
421,NINTENDO 3DS,3DS,路易吉的鬼屋2,120
421,Wii,Wii,DRAGON QUEST X,80
421,Wii,Wii,光之美少女群星會 舞蹈大集合,114
421,Wii U,Wii U,惡靈古堡 真相 UNVEILED EDITION,10
421,Wii U,Wii U,DRAGON QUEST X,80
421,Wii U,Wii U,魔物獵人3G HD版,84
421,PlayStation3,PS3,惡靈古堡 真相 UNVEILED EDITION,10
421,PlayStation3,PS3,雷光歸來 FINAL FANTASY XIII,32
421,PlayStation3,PS3,殺手不再,40
421,PlayStation3,PS3,GOD OF WAR: ASCENSION,44
421,PlayStation3,PS3,神明與命運革新的悖論,65
421,PlayStation3,PS3,DMC 惡魔獵人,72
421,PlayStation3,PS3,HITMAN ABSOLUTION,76
421,PlayStation3,PS3,METAL GEAR RISING REVENGEANCE,86
421,PlayStation3,PS3,真・三國無雙7,92
421,PlayStation3,PS3,KINGDOM HEARTS HD 1.5 ReMIX,98
421,PlayStation3,PS3,魔界戰記D2,108
421,PlayStation3,PS3,生化奇兵 無限之城,110
421,PlayStation3,PS3,魔域幽靈 復生,113
421,PlayStation3,PS3,假面騎士大戰,115
421,PlayStation3,PS3,火影忍者 疾風傳 終極風暴3,118
421,PlayStation3,PS3,初音未來 -名伶計畫- F,128
421,PlayStation3,PS3,超時空要塞30 ～連繫銀河的歌聲～,130
421,PlayStation3,PS3,龍族教義：黑暗覺者,132
421,Xbox 360,Xbox 360,惡靈古堡 真相 UNVEILED EDITION,10
421,Xbox 360,Xbox 360,戰爭機器：審判,27
421,Xbox 360,Xbox 360,雷光歸來 FINAL FANTASY XIII,32
421,Xbox 360,Xbox 360,殺手不再,40
421,Xbox 360,Xbox 360,DMC 惡魔獵人,72
421,Xbox 360,Xbox 360,HITMAN ABSOLUTION,76
421,Xbox 360,Xbox 360,METAL GEAR RISING REVENGEANCE,86
421,Xbox 360,Xbox 360,生化奇兵 無限之城,110
421,Xbox 360,Xbox 360,魔域幽靈 復生,113
421,Xbox 360,Xbox 360,火影忍者 疾風傳 終極風暴3,118
421,Xbox 360,Xbox 360,龍族教義：黑暗覺者,132
421,Personal Computer,PC,DMC 惡魔獵人,72
421,Personal Computer,PC,HITMAN ABSOLUTION,76
423,PlayStation Portable,PSP,討鬼傳,10
423,PlayStation Portable,PSP,ROBOT魂大戰,50
423,PlayStation Portable,PSP,光明之舟,80
423,PlayStation Portable,PSP,賽馬大亨7 2013,86
423,PlayStation Portable,PSP,辟邪除妖 帝國記III ～霸王系譜～,87
423,PlayStation Portable,PSP,裏語 薄櫻鬼,87
423,PlayStation Portable,PSP,O＊G＊A 捉迷藏大混戰 獵人孤島之戀,87
423,PlayStation Vita,PS Vita,討鬼傳,10
423,PlayStation Vita,PS Vita,武士鬥惡龍,62
423,PlayStation Vita,PS Vita,～聖魔導物語～,84
423,PlayStation Vita,PS Vita,闇魂獻祭,90
423,PlayStation Vita,PS Vita,戀曲寫真 Kiss,94
423,PlayStation Vita,PS Vita,心靈傳奇R,98
423,NINTENDO 3DS,3DS,雷頓教授與超文明A的遺產,46
423,NINTENDO 3DS,3DS,走出戶外 動物之森,52
423,NINTENDO 3DS,3DS,DRAGON QUEST VII,53
423,NINTENDO 3DS,3DS,普及教學 算盤・心算・快閃心算,87
423,Wii,Wii,DRAGON QUEST X,60
423,Wii U,Wii U,DRAGON QUEST X,60
423,PlayStation3,PS3,CAPCOM大型電玩聚寶盒 懷舊遊戲收藏集,16
423,PlayStation3,PS3,METAL GEAR RISING REVENGEANCE,40
423,PlayStation3,PS3,生化奇兵 無限之城,74
423,PlayStation3,PS3,GOD OF WAR: ASCENSION,76
423,PlayStation3,PS3,真・三國無雙7,78
423,PlayStation3,PS3,魔界戰記D2,82
423,PlayStation3,PS3,賽馬大亨7 2013,86
423,PlayStation3,PS3,SKULLGIRLS,87
423,PlayStation3,PS3,忍者外傳3 剃刀之劍,87
423,PlayStation3,PS3,地球防衛軍4,88
423,PlayStation3,PS3,龍族教義：黑暗覺者,100
423,PlayStation3,PS3,JOJO的奇妙冒險 群星混戰,104
423,Xbox 360,Xbox 360,CAPCOM大型電玩聚寶盒 懷舊遊戲收藏集,16
423,Xbox 360,Xbox 360,METAL GEAR RISING REVENGEANCE,40
423,Xbox 360,Xbox 360,生化奇兵 無限之城,74
423,Xbox 360,Xbox 360,忍者外傳3 剃刀之劍,87
423,Xbox 360,Xbox 360,地球防衛軍4,88
423,Xbox 360,Xbox 360,龍族教義：黑暗覺者,100
423,ARCADE,Arcade,光明與黑暗續戰篇 縱橫天界,72
423,Personal Computer,PC,生化奇兵 無限之城,74
425,PlayStation Portable,PSP,光明之舟,26
425,PlayStation Portable,PSP,七龍傳說2020-II,42
425,PlayStation Portable,PSP,迷宮旅人2 王立圖書館與魔物封印,86
425,PlayStation Vita,PS Vita,英靈殿騎士3,22
425,PlayStation Vita,PS Vita,武士鬥惡龍,46
425,PlayStation Vita,PS Vita,閃亂神樂 忍者對決,75
425,PlayStation Vita,PS Vita,闇魂獻祭,123
425,PlayStation Vita,PS Vita,航海王 海賊無雙2,134
425,NINTENDO 3DS,3DS,雷頓教授與超文明A的遺產,50
425,NINTENDO 3DS,3DS,DRAGON QUEST VII,67
425,NINTENDO 3DS,3DS,走出戶外 動物之森,88
425,Wii,Wii,DRAGON QUEST X,73
425,Wii U,Wii U,DRAGON QUEST X,73
425,PlayStation3,PS3,Terraria,10
425,PlayStation3,PS3,初音未來 -名伶計畫- F,38
425,PlayStation3,PS3,真・三國無雙7,55
425,PlayStation3,PS3,KINGDOM HEARTS HD 1.5 ReMIX,98
425,PlayStation3,PS3,GOD OF WAR: ASCENSION,106
425,PlayStation3,PS3,FINAL FANTASY XIV: A REALM REBORN,110
425,PlayStation3,PS3,魔界戰記D2,118
425,PlayStation3,PS3,超級英雄 武力對決,132
425,PlayStation3,PS3,忍者外傳3 剃刀之劍,133
425,PlayStation3,PS3,航海王 海賊無雙2,134
425,Xbox 360,Xbox 360,FINAL FANTASY XI Seekers of Adoulin,114
425,Xbox 360,Xbox 360,戰爭機器：審判,116
425,Xbox 360,Xbox 360,超級英雄 武力對決,132
425,Xbox 360,Xbox 360,忍者外傳3 剃刀之劍,133
425,PlayStation2,PS2,FINAL FANTASY XI Seekers of Adoulin,114
425,iOS,iOS,Shadow Escaper,12
425,iOS,iOS,惡魔結社,44
425,Android,Android,Shadow Escaper,12
425,Personal Computer,PC,FINAL FANTASY XIV: A REALM REBORN,110
425,Personal Computer,PC,FINAL FANTASY XI Seekers of Adoulin,114
429,PlayStation Portable,PSP,迷宮旅人2 王立圖書館與魔物封印,86
429,PlayStation Portable,PSP,白華之檻 緋色的碎片4 四季之詩,113
429,PlayStation Portable,PSP,噬神戰士2,118
429,PlayStation Vita,PS Vita,FINAL FANTASY X／X-2 HD Remaster,4
429,PlayStation Vita,PS Vita,英雄傳說 閃之軌跡,46
429,PlayStation Vita,PS Vita,～聖魔導物語～,55
429,PlayStation Vita,PS Vita,闇魂獻祭,74
429,PlayStation Vita,PS Vita,噬神戰士2,118
429,NINTENDO 3DS,3DS,惡魔求生者2 突破紀錄,26
429,NINTENDO 3DS,3DS,新・世界樹迷宮 千年王國的少女,32
429,NINTENDO 3DS,3DS,路易吉的鬼屋2,78
429,NINTENDO 3DS,3DS,DRAGON QUEST VII,94
429,NINTENDO 3DS,3DS,走出戶外 動物之森,97
429,NINTENDO 3DS,3DS,@SIMPLE DL系列 Vol.10 THE 劈腿男友 ～聖誕節中止通知～,113
429,Wii,Wii,DRAGON QUEST X,92
429,Wii U,Wii U,DRAGON QUEST X,92
429,Wii U,Wii U,魔物獵人3G HD版,104
429,PlayStation3,PS3,FINAL FANTASY X／X-2 HD Remaster,4
429,PlayStation3,PS3,鍊金術士愛絲卡＆羅吉 ～黃昏天空的鍊金術士～,12
429,PlayStation3,PS3,DRAG-ON DRAGOON 3,38
429,PlayStation3,PS3,殺手不再,42
429,PlayStation3,PS3,英雄傳說 閃之軌跡,46
429,PlayStation3,PS3,生化奇兵：無限之城,52
429,PlayStation3,PS3,魔界戰記D2,64
429,PlayStation3,PS3,METAL GEAR RISING REVENGEANCE,82
429,PlayStation3,PS3,死亡之島 激流,106
429,PlayStation3,PS3,戰慄深隧 最後曙光,108
429,PlayStation3,PS3,極速房車賽：街頭賽車2,110
429,PlayStation3,PS3,「被狙擊的學園」電影版動畫＆完全版資料集 複合碟,112
429,PlayStation3,PS3,上古爭霸,113
429,PlayStation3,PS3,超級英雄 武力對決,114
429,PlayStation3,PS3,火影忍者 疾風傳 終極風暴3,116
429,PlayStation3,PS3,JOJO的奇妙冒險 群星混戰,120
429,Xbox 360,Xbox 360,殺手不再,42
429,Xbox 360,Xbox 360,生化奇兵：無限之城,52
429,Xbox 360,Xbox 360,METAL GEAR RISING REVENGEANCE,82
429,Xbox 360,Xbox 360,死亡之島 激流,106
429,Xbox 360,Xbox 360,戰慄深隧 最後曙光,108
429,Xbox 360,Xbox 360,極速房車賽：街頭賽車2,110
429,Xbox 360,Xbox 360,超級英雄 武力對決,114
429,Xbox 360,Xbox 360,火影忍者 疾風傳 終極風暴3,116
429,Personal Computer,PC,KINGDOM HEARTS x,10
429,Personal Computer,PC,生化奇兵：無限之城,52
438,PlayStation Portable,PSP,討鬼傳,44
438,PlayStation Portable,PSP,噬神戰士2,110
438,PlayStation Vita,PS Vita,龍族教義：無盡任務,13
438,PlayStation Vita,PS Vita,討鬼傳,44
438,PlayStation Vita,PS Vita,果然我的青春戀愛喜劇搞錯了,96
438,PlayStation Vita,PS Vita,三國志12 with 威力加強版,98
438,PlayStation Vita,PS Vita,仙境傳說 奧德賽 ACE,102
438,PlayStation Vita,PS Vita,噬神戰士2,110
438,PlayStation Vita,PS Vita,超級機器人大戰OG傳奇 魔裝機神III,112
438,NINTENDO 3DS,3DS,妖怪手錶,50
438,NINTENDO 3DS,3DS,新・世界樹迷宮 千年王國的少女,54
438,NINTENDO 3DS,3DS,真・女神轉生IV,70
438,NINTENDO 3DS,3DS,走出戶外 動物之森,82
438,NINTENDO 3DS,3DS,超速変形ジャイロゼッター アルバロスの翼,89
438,NINTENDO 3DS,3DS,逆轉裁判5,106
438,Wii U,Wii U,三國志12 with 威力加強版,98
438,PlayStation3,PS3,德軍總部：新秩序,18
438,PlayStation3,PS3,機戰傭兵 VERDICT DAY,58
438,PlayStation3,PS3,地球防衛軍4,62
438,PlayStation3,PS3,木偶歷險記,66
438,PlayStation3,PS3,rain,92
438,PlayStation3,PS3,魔女與百騎兵,94
438,PlayStation3,PS3,三國志12 with 威力加強版,98
438,PlayStation3,PS3,真・三國無雙 Online Z,100
438,PlayStation3,PS3,信長之野望Online ～天下夢幻之章～,101
438,PlayStation3,PS3,仙境傳說 奧德賽 ACE,102
438,PlayStation3,PS3,狙擊之王：幽靈戰士2（日文版）,104
438,PlayStation3,PS3,超級機器人大戰OG傳奇 魔裝機神III,112
438,PlayStation3,PS3,JOJO的奇妙冒險 群星混戰,116
438,PlayStation3,PS3,失落的星球3,118
438,PlayStation4,PS4,德軍總部：新秩序,18
438,Xbox 360,Xbox 360,德軍總部：新秩序,18
438,Xbox 360,Xbox 360,機戰傭兵 VERDICT DAY,58
438,Xbox 360,Xbox 360,地球防衛軍4,62
438,Xbox 360,Xbox 360,狙擊之王：幽靈戰士2（日文版）,104
438,Xbox 360,Xbox 360,失落的星球3,118
438,Xbox One,Xbox One,德軍總部：新秩序,18
438,iOS,iOS,模擬職棒,84
438,iOS,iOS,BLITZ BRIGADE,85
438,Android,Android,BLITZ BRIGADE,85
438,Personal Computer,PC,德軍總部：新秩序,18
